Name,Email,Institution,Hackathon
Nandana Santhosh,nandanasanthoshck@gmail.com,LBSITW,CyberShield Hackathon
Aditya Sharma,user0@gmail.com,Government Engineering College Barton Hill,WebWave Hackathon
Aditya Malhotra,user1@gmail.com,College of Engineering Trivandrum (CET),InnovateX Hackathon
Rahul Malhotra,user2@gmail.com,Mar Baselios College of Engineering,AI Innovators Hackathon
Meera Kulkarni,user3@gmail.com,Mar Baselios College of Engineering,CyberShield Hackathon
Divya Malhotra,user4@gmail.com,College of Engineering Trivandrum (CET),CyberShield Hackathon
Rahul Patel,user5@gmail.com,LBS Institute of Technology for Women (LBSITW),WebWave Hackathon
Karthik Nair,user6@gmail.com,College of Engineering Trivandrum (CET),CyberShield Hackathon
Sneha Verma,user7@gmail.com,Sree Chitra Thirunal College of Engineering,InnovateX Hackathon
Varun Menon,user8@gmail.com,Sree Chitra Thirunal College of Engineering,GreenTech Hackathon
Pooja Sharma,user9@gmail.com,Mar Baselios College of Engineering,InnovateX Hackathon
Sneha Reddy,user10@gmail.com,Mar Baselios College of Engineering,CyberShield Hackathon
Rohan Rao,user11@gmail.com,Government Engineering College Barton Hill,WebWave Hackathon
Manoj Verma,user12@gmail.com,Mar Baselios College of Engineering,GreenTech Hackathon
Rohan Kulkarni,user16@gmail.com,College of Engineering Trivandrum (CET),GreenTech Hackathon
Divya Shetty,user17@gmail.com,Sree Chitra Thirunal College of Engineering,CyberShield Hackathon
Pooja Patel,user18@gmail.com,Sree Chitra Thirunal College of Engineering,AI Innovators Hackathon
Karthik Reddy,user19@gmail.com,LBS Institute of Technology for Women (LBSITW),AI Innovators Hackathon
Divya Kapoor,user20@gmail.com,College of Engineering Trivandrum (CET),CyberShield Hackathon
Aishwarya Menon,user21@gmail.com,LBS Institute of Technology for Women (LBSITW),InnovateX Hackathon
Karthik Iyer,user22@gmail.com,LBS Institute of Technology for Women (LBSITW),WebWave Hackathon
Aishwarya Kapoor,user23@gmail.com,College of Engineering Trivandrum (CET),GreenTech Hackathon
Aishwarya Chopra,user24@gmail.com,College of Engineering Trivandrum (CET),WebWave Hackathon
Siddharth Joshi,user25@gmail.com,LBS Institute of Technology for Women (LBSITW),WebWave Hackathon
Ananya Chopra,user26@gmail.com,Government Engineering College Barton Hill,WebWave Hackathon
Divya Kapoor,user27@gmail.com,College of Engineering Trivandrum (CET),CyberShield Hackathon
Ananya Gupta,user28@gmail.com,Government Engineering College Barton Hill,InnovateX Hackathon
Diya Rao,user29@gmail.com,Government Engineering College Barton Hill,WebWave Hackathon
Aditya Rao,user30@gmail.com,College of Engineering Trivandrum (CET),InnovateX Hackathon
Diya Yadav,user31@gmail.com,LBS Institute of Technology for Women (LBSITW),WebWave Hackathon
Rahul Bose,user32@gmail.com,Government Engineering College Barton Hill,CyberShield Hackathon
Karthik Chopra,user33@gmail.com,Government Engineering College Barton Hill,AI Innovators Hackathon
Sneha Iyer,user34@gmail.com,Sree Chitra Thirunal College of Engineering,CyberShield Hackathon
Meera Reddy,user35@gmail.com,Government Engineering College Barton Hill,AI Innovators Hackathon
Sneha Yadav,user36@gmail.com,Mar Baselios College of Engineering,GreenTech Hackathon
Arjun Chopra,user38@gmail.com,Government Engineering College Barton Hill,GreenTech Hackathon
Rahul Patel,user39@gmail.com,Government Engineering College Barton Hill,AI Innovators Hackathon
Aditya Chopra,user40@gmail.com,LBS Institute of Technology for Women (LBSITW),CyberShield Hackathon
Aditya Kapoor,user41@gmail.com,College of Engineering Trivandrum (CET),InnovateX Hackathon
Kavya Pillai,user42@gmail.com,Government Engineering College Barton Hill,AI Innovators Hackathon
Varun Sharma,user43@gmail.com,Sree Chitra Thirunal College of Engineering,CyberShield Hackathon
Aishwarya Das,user44@gmail.com,Sree Chitra Thirunal College of Engineering,InnovateX Hackathon
Pooja Mishra,user45@gmail.com,College of Engineering Trivandrum (CET),InnovateX Hackathon
Aishwarya Pillai,user46@gmail.com,Government Engineering College Barton Hill,WebWave Hackathon
Rohan Joshi,user47@gmail.com,Government Engineering College Barton Hill,InnovateX Hackathon
Siddharth Shetty,user48@gmail.com,LBS Institute of Technology for Women (LBSITW),WebWave Hackathon
Pooja Gupta,user50@gmail.com,College of Engineering Trivandrum (CET),AI Innovators Hackathon
Rahul Mishra,user51@gmail.com,LBS Institute of Technology for Women (LBSITW),GreenTech Hackathon
Meera Das,user53@gmail.com,Mar Baselios College of Engineering,InnovateX Hackathon
Sneha Patel,user54@gmail.com,College of Engineering Trivandrum (CET),AI Innovators Hackathon
Kavya Mishra,user55@gmail.com,Government Engineering College Barton Hill,InnovateX Hackathon
Manoj Mishra,user56@gmail.com,LBS Institute of Technology for Women (LBSITW),WebWave Hackathon
Manoj Patel,user57@gmail.com,Mar Baselios College of Engineering,CyberShield Hackathon
Kavya Kulkarni,user58@gmail.com,Sree Chitra Thirunal College of Engineering,CyberShield Hackathon
Nisha Shetty,user59@gmail.com,College of Engineering Trivandrum (CET),AI Innovators Hackathon
Rohan Nair,user60@gmail.com,LBS Institute of Technology for Women (LBSITW),InnovateX Hackathon
Sneha Joshi,user61@gmail.com,Sree Chitra Thirunal College of Engineering,WebWave Hackathon
Priya Shetty,user62@gmail.com,Sree Chitra Thirunal College of Engineering,CyberShield Hackathon
Aditya Verma,user63@gmail.com,LBS Institute of Technology for Women (LBSITW),InnovateX Hackathon
Vikram Patel,user64@gmail.com,Sree Chitra Thirunal College of Engineering,WebWave Hackathon
Priya Bose,user65@gmail.com,Sree Chitra Thirunal College of Engineering,WebWave Hackathon
Ananya Chopra,user66@gmail.com,Government Engineering College Barton Hill,InnovateX Hackathon
Arjun Iyer,user67@gmail.com,Sree Chitra Thirunal College of Engineering,WebWave Hackathon
Arjun Kapoor,user68@gmail.com,Sree Chitra Thirunal College of Engineering,AI Innovators Hackathon
Meera Nair,user69@gmail.com,Sree Chitra Thirunal College of Engineering,WebWave Hackathon
Siddharth Iyer,user70@gmail.com,Sree Chitra Thirunal College of Engineering,InnovateX Hackathon
Nisha Kapoor,user71@gmail.com,LBS Institute of Technology for Women (LBSITW),CyberShield Hackathon
Arjun Shetty,user72@gmail.com,LBS Institute of Technology for Women (LBSITW),WebWave Hackathon
Pooja Sharma,user73@gmail.com,LBS Institute of Technology for Women (LBSITW),AI Innovators Hackathon
Manoj Sharma,user74@gmail.com,Government Engineering College Barton Hill,CyberShield Hackathon
Siddharth Kapoor,user75@gmail.com,Mar Baselios College of Engineering,GreenTech Hackathon
Vikram Bose,user76@gmail.com,Government Engineering College Barton Hill,InnovateX Hackathon
Divya Patel,user77@gmail.com,Government Engineering College Barton Hill,CyberShield Hackathon
Harsha Reddy,user79@gmail.com,College of Engineering Trivandrum (CET),AI Innovators Hackathon
Priya Chopra,user80@gmail.com,Sree Chitra Thirunal College of Engineering,WebWave Hackathon
Rahul Sharma,user81@gmail.com,College of Engineering Trivandrum (CET),WebWave Hackathon
Pooja Pillai,user82@gmail.com,LBS Institute of Technology for Women (LBSITW),InnovateX Hackathon
Aishwarya Bose,user83@gmail.com,Government Engineering College Barton Hill,CyberShield Hackathon
Kavya Yadav,user84@gmail.com,Mar Baselios College of Engineering,CyberShield Hackathon
Vikram Reddy,user85@gmail.com,LBS Institute of Technology for Women (LBSITW),CyberShield Hackathon
Nisha Reddy,user86@gmail.com,Sree Chitra Thirunal College of Engineering,InnovateX Hackathon
Varun Sharma,user87@gmail.com,LBS Institute of Technology for Women (LBSITW),GreenTech Hackathon
Diya Yadav,user88@gmail.com,Mar Baselios College of Engineering,InnovateX Hackathon
Diya Das,user89@gmail.com,LBS Institute of Technology for Women (LBSITW),WebWave Hackathon
Karthik Yadav,user90@gmail.com,Mar Baselios College of Engineering,WebWave Hackathon
Varun Reddy,user91@gmail.com,Government Engineering College Barton Hill,WebWave Hackathon
Siddharth Gupta,user92@gmail.com,College of Engineering Trivandrum (CET),GreenTech Hackathon
Diya Menon,user93@gmail.com,LBS Institute of Technology for Women (LBSITW),InnovateX Hackathon
Meera Kapoor,user94@gmail.com,Mar Baselios College of Engineering,WebWave Hackathon
Kavya Mishra,user95@gmail.com,LBS Institute of Technology for Women (LBSITW),WebWave Hackathon
Siddharth Yadav,user96@gmail.com,Sree Chitra Thirunal College of Engineering,GreenTech Hackathon
Pooja Kulkarni,user97@gmail.com,Mar Baselios College of Engineering,WebWave Hackathon
Ananya Joshi,user98@gmail.com,Sree Chitra Thirunal College of Engineering,WebWave Hackathon
Rahul Kapoor,user99@gmail.com,Sree Chitra Thirunal College of Engineering,WebWave Hackathon
Nisha Nair,user100@gmail.com,Sree Chitra Thirunal College of Engineering,CyberShield Hackathon
Siddharth Iyer,user101@gmail.com,Government Engineering College Barton Hill,WebWave Hackathon
Aishwarya Chopra,user102@gmail.com,LBS Institute of Technology for Women (LBSITW),InnovateX Hackathon
Aditya Patel,user103@gmail.com,Mar Baselios College of Engineering,AI Innovators Hackathon
Harsha Joshi,user104@gmail.com,Government Engineering College Barton Hill,CyberShield Hackathon
Siddharth Kapoor,user105@gmail.com,Mar Baselios College of Engineering,CyberShield Hackathon
Kavya Gupta,user108@gmail.com,Government Engineering College Barton Hill,WebWave Hackathon
Kavya Verma,user109@gmail.com,Sree Chitra Thirunal College of Engineering,GreenTech Hackathon
Arjun Das,user111@gmail.com,Sree Chitra Thirunal College of Engineering,InnovateX Hackathon
Varun Pillai,user113@gmail.com,Mar Baselios College of Engineering,CyberShield Hackathon
Siddharth Rao,user114@gmail.com,Mar Baselios College of Engineering,CyberShield Hackathon
Meera Bose,user116@gmail.com,Government Engineering College Barton Hill,AI Innovators Hackathon
Rahul Malhotra,user117@gmail.com,Mar Baselios College of Engineering,CyberShield Hackathon
Divya Rao,user119@gmail.com,Sree Chitra Thirunal College of Engineering,GreenTech Hackathon
Pooja Patel,user120@gmail.com,College of Engineering Trivandrum (CET),AI Innovators Hackathon
Vikram Verma,user121@gmail.com,Government Engineering College Barton Hill,AI Innovators Hackathon
Pooja Pillai,user122@gmail.com,College of Engineering Trivandrum (CET),GreenTech Hackathon
Aishwarya Mishra,user123@gmail.com,Sree Chitra Thirunal College of Engineering,AI Innovators Hackathon
Aditya Chopra,user124@gmail.com,LBS Institute of Technology for Women (LBSITW),WebWave Hackathon
Karthik Yadav,user125@gmail.com,Sree Chitra Thirunal College of Engineering,InnovateX Hackathon
Varun Das,user126@gmail.com,Sree Chitra Thirunal College of Engineering,CyberShield Hackathon
Pooja Pillai,user127@gmail.com,Sree Chitra Thirunal College of Engineering,GreenTech Hackathon
Rahul Malhotra,user128@gmail.com,College of Engineering Trivandrum (CET),WebWave Hackathon
Aishwarya Nair,user129@gmail.com,Sree Chitra Thirunal College of Engineering,WebWave Hackathon
Harsha Nair,user130@gmail.com,Mar Baselios College of Engineering,CyberShield Hackathon
Priya Verma,user132@gmail.com,LBS Institute of Technology for Women (LBSITW),WebWave Hackathon
Nisha Joshi,user133@gmail.com,College of Engineering Trivandrum (CET),GreenTech Hackathon
Arjun Nair,user134@gmail.com,Mar Baselios College of Engineering,WebWave Hackathon
Kavya Kapoor,user135@gmail.com,Sree Chitra Thirunal College of Engineering,WebWave Hackathon
Rahul Kulkarni,user136@gmail.com,Sree Chitra Thirunal College of Engineering,AI Innovators Hackathon
Arjun Joshi,user137@gmail.com,LBS Institute of Technology for Women (LBSITW),GreenTech Hackathon
Rohan Sharma,user138@gmail.com,Sree Chitra Thirunal College of Engineering,GreenTech Hackathon
Arjun Kulkarni,user139@gmail.com,College of Engineering Trivandrum (CET),InnovateX Hackathon
Karthik Menon,user140@gmail.com,College of Engineering Trivandrum (CET),AI Innovators Hackathon
Varun Joshi,user141@gmail.com,Mar Baselios College of Engineering,AI Innovators Hackathon
Aishwarya Sharma,user142@gmail.com,Government Engineering College Barton Hill,WebWave Hackathon
Vikram Gupta,user143@gmail.com,Sree Chitra Thirunal College of Engineering,InnovateX Hackathon
Rahul Gupta,user144@gmail.com,Government Engineering College Barton Hill,InnovateX Hackathon
Ananya Das,user145@gmail.com,Government Engineering College Barton Hill,WebWave Hackathon
Aishwarya Menon,user146@gmail.com,Government Engineering College Barton Hill,AI Innovators Hackathon
Kavya Yadav,user147@gmail.com,Sree Chitra Thirunal College of Engineering,InnovateX Hackathon
Arjun Menon,user148@gmail.com,Mar Baselios College of Engineering,CyberShield Hackathon
Vikram Das,user149@gmail.com,Sree Chitra Thirunal College of Engineering,GreenTech Hackathon
Pooja Kulkarni,user150@gmail.com,Sree Chitra Thirunal College of Engineering,InnovateX Hackathon
Rohan Malhotra,user151@gmail.com,LBS Institute of Technology for Women (LBSITW),WebWave Hackathon
Kavya Mishra,user153@gmail.com,College of Engineering Trivandrum (CET),GreenTech Hackathon
Ananya Reddy,user154@gmail.com,Sree Chitra Thirunal College of Engineering,AI Innovators Hackathon
Harsha Mishra,user155@gmail.com,College of Engineering Trivandrum (CET),InnovateX Hackathon
Siddharth Kapoor,user156@gmail.com,Sree Chitra Thirunal College of Engineering,GreenTech Hackathon
Aishwarya Patel,user157@gmail.com,Government Engineering College Barton Hill,AI Innovators Hackathon
Kavya Yadav,user158@gmail.com,College of Engineering Trivandrum (CET),GreenTech Hackathon
Rahul Reddy,user159@gmail.com,Sree Chitra Thirunal College of Engineering,GreenTech Hackathon
Nisha Gupta,user160@gmail.com,Sree Chitra Thirunal College of Engineering,InnovateX Hackathon
Harsha Mishra,user161@gmail.com,College of Engineering Trivandrum (CET),GreenTech Hackathon
Priya Menon,user162@gmail.com,College of Engineering Trivandrum (CET),WebWave Hackathon
Rahul Menon,user164@gmail.com,Government Engineering College Barton Hill,AI Innovators Hackathon
Harsha Rao,user165@gmail.com,Sree Chitra Thirunal College of Engineering,CyberShield Hackathon
Priya Pillai,user166@gmail.com,Government Engineering College Barton Hill,AI Innovators Hackathon
Karthik Reddy,user167@gmail.com,Sree Chitra Thirunal College of Engineering,GreenTech Hackathon
Harsha Rao,user168@gmail.com,College of Engineering Trivandrum (CET),WebWave Hackathon
Divya Reddy,user169@gmail.com,Government Engineering College Barton Hill,GreenTech Hackathon
Karthik Iyer,user170@gmail.com,Mar Baselios College of Engineering,WebWave Hackathon
Sneha Sharma,user171@gmail.com,College of Engineering Trivandrum (CET),WebWave Hackathon
Ananya Rao,user172@gmail.com,LBS Institute of Technology for Women (LBSITW),WebWave Hackathon
Rohan Kapoor,user173@gmail.com,College of Engineering Trivandrum (CET),AI Innovators Hackathon
Rahul Kapoor,user174@gmail.com,LBS Institute of Technology for Women (LBSITW),CyberShield Hackathon
Harsha Verma,user175@gmail.com,Sree Chitra Thirunal College of Engineering,AI Innovators Hackathon
Siddharth Kapoor,user176@gmail.com,Government Engineering College Barton Hill,GreenTech Hackathon
Rahul Mishra,user178@gmail.com,Government Engineering College Barton Hill,CyberShield Hackathon
Rohan Sharma,user179@gmail.com,LBS Institute of Technology for Women (LBSITW),WebWave Hackathon
Aishwarya Mishra,user180@gmail.com,Sree Chitra Thirunal College of Engineering,InnovateX Hackathon
Ananya Mishra,user181@gmail.com,Mar Baselios College of Engineering,AI Innovators Hackathon
Nisha Joshi,user182@gmail.com,Mar Baselios College of Engineering,InnovateX Hackathon
Priya Das,user183@gmail.com,College of Engineering Trivandrum (CET),InnovateX Hackathon
Karthik Sharma,user184@gmail.com,College of Engineering Trivandrum (CET),GreenTech Hackathon
Karthik Mishra,user185@gmail.com,Mar Baselios College of Engineering,InnovateX Hackathon
Aditya Patel,user186@gmail.com,Government Engineering College Barton Hill,GreenTech Hackathon
Divya Joshi,user187@gmail.com,Mar Baselios College of Engineering,CyberShield Hackathon
Aditya Menon,user188@gmail.com,Government Engineering College Barton Hill,AI Innovators Hackathon
Manoj Malhotra,user189@gmail.com,Government Engineering College Barton Hill,InnovateX Hackathon
Diya Menon,user190@gmail.com,LBS Institute of Technology for Women (LBSITW),AI Innovators Hackathon
Rohan Shetty,user191@gmail.com,LBS Institute of Technology for Women (LBSITW),CyberShield Hackathon
Arjun Nair,user193@gmail.com,Government Engineering College Barton Hill,GreenTech Hackathon
Aishwarya Yadav,user194@gmail.com,Mar Baselios College of Engineering,InnovateX Hackathon
Manoj Chopra,user195@gmail.com,College of Engineering Trivandrum (CET),GreenTech Hackathon
Priya Sharma,user196@gmail.com,LBS Institute of Technology for Women (LBSITW),WebWave Hackathon
Aishwarya Joshi,user197@gmail.com,College of Engineering Trivandrum (CET),InnovateX Hackathon
Rahul Yadav,user198@gmail.com,Government Engineering College Barton Hill,GreenTech Hackathon
Aditya Yadav,user199@gmail.com,College of Engineering Trivandrum (CET),AI Innovators Hackathon
Divya Yadav,user200@gmail.com,LBS Institute of Technology for Women (LBSITW),InnovateX Hackathon
Manoj Patel,user201@gmail.com,Sree Chitra Thirunal College of Engineering,GreenTech Hackathon
Priya Reddy,user202@gmail.com,College of Engineering Trivandrum (CET),CyberShield Hackathon
Varun Yadav,user203@gmail.com,College of Engineering Trivandrum (CET),GreenTech Hackathon
Meera Mishra,user204@gmail.com,Mar Baselios College of Engineering,InnovateX Hackathon
Karthik Pillai,user205@gmail.com,Sree Chitra Thirunal College of Engineering,WebWave Hackathon
Manoj Rao,user206@gmail.com,LBS Institute of Technology for Women (LBSITW),AI Innovators Hackathon
Pooja Joshi,user207@gmail.com,Government Engineering College Barton Hill,WebWave Hackathon
Nisha Patel,user208@gmail.com,Mar Baselios College of Engineering,GreenTech Hackathon
Sneha Kulkarni,user209@gmail.com,Mar Baselios College of Engineering,GreenTech Hackathon
Priya Malhotra,user210@gmail.com,Government Engineering College Barton Hill,AI Innovators Hackathon
Priya Pillai,user211@gmail.com,Sree Chitra Thirunal College of Engineering,GreenTech Hackathon
Harsha Yadav,user212@gmail.com,Mar Baselios College of Engineering,GreenTech Hackathon
Divya Mishra,user213@gmail.com,College of Engineering Trivandrum (CET),CyberShield Hackathon
Vikram Reddy,user214@gmail.com,College of Engineering Trivandrum (CET),CyberShield Hackathon
Manoj Kapoor,user215@gmail.com,Government Engineering College Barton Hill,GreenTech Hackathon
Meera Iyer,user218@gmail.com,Mar Baselios College of Engineering,CyberShield Hackathon
Aditya Mishra,user219@gmail.com,Sree Chitra Thirunal College of Engineering,InnovateX Hackathon
Ananya Das,user220@gmail.com,Government Engineering College Barton Hill,WebWave Hackathon
Divya Sharma,user221@gmail.com,Government Engineering College Barton Hill,GreenTech Hackathon
Divya Reddy,user222@gmail.com,Sree Chitra Thirunal College of Engineering,CyberShield Hackathon
Manoj Shetty,user223@gmail.com,College of Engineering Trivandrum (CET),AI Innovators Hackathon
Aishwarya Pillai,user224@gmail.com,Mar Baselios College of Engineering,InnovateX Hackathon
Karthik Mishra,user225@gmail.com,LBS Institute of Technology for Women (LBSITW),GreenTech Hackathon
Manoj Kulkarni,user226@gmail.com,Sree Chitra Thirunal College of Engineering,CyberShield Hackathon
Rohan Malhotra,user227@gmail.com,Government Engineering College Barton Hill,WebWave Hackathon
Aditya Patel,user228@gmail.com,Mar Baselios College of Engineering,WebWave Hackathon
Karthik Reddy,user229@gmail.com,College of Engineering Trivandrum (CET),CyberShield Hackathon
Kavya Yadav,user230@gmail.com,College of Engineering Trivandrum (CET),AI Innovators Hackathon
Rahul Malhotra,user231@gmail.com,College of Engineering Trivandrum (CET),CyberShield Hackathon
Sneha Gupta,user232@gmail.com,LBS Institute of Technology for Women (LBSITW),AI Innovators Hackathon
Aditya Chopra,user233@gmail.com,Mar Baselios College of Engineering,CyberShield Hackathon
Priya Kapoor,user234@gmail.com,Mar Baselios College of Engineering,GreenTech Hackathon
Vikram Sharma,user235@gmail.com,Mar Baselios College of Engineering,GreenTech Hackathon
Divya Das,user236@gmail.com,Sree Chitra Thirunal College of Engineering,InnovateX Hackathon
Aishwarya Kapoor,user237@gmail.com,Mar Baselios College of Engineering,InnovateX Hackathon
Aditya Verma,user238@gmail.com,Government Engineering College Barton Hill,WebWave Hackathon
Varun Pillai,user239@gmail.com,Mar Baselios College of Engineering,GreenTech Hackathon
Rahul Malhotra,user240@gmail.com,LBS Institute of Technology for Women (LBSITW),WebWave Hackathon
Karthik Bose,user241@gmail.com,LBS Institute of Technology for Women (LBSITW),AI Innovators Hackathon
Rohan Verma,user242@gmail.com,College of Engineering Trivandrum (CET),InnovateX Hackathon
Divya Sharma,user243@gmail.com,LBS Institute of Technology for Women (LBSITW),InnovateX Hackathon
Meera Joshi,user244@gmail.com,College of Engineering Trivandrum (CET),AI Innovators Hackathon
Vikram Menon,user245@gmail.com,Mar Baselios College of Engineering,InnovateX Hackathon
Diya Malhotra,user247@gmail.com,Government Engineering College Barton Hill,InnovateX Hackathon
Harsha Nair,user248@gmail.com,College of Engineering Trivandrum (CET),CyberShield Hackathon
Divya Das,user249@gmail.com,College of Engineering Trivandrum (CET),GreenTech Hackathon
Siddharth Das,user250@gmail.com,College of Engineering Trivandrum (CET),GreenTech Hackathon
Aditya Das,user252@gmail.com,Sree Chitra Thirunal College of Engineering,GreenTech Hackathon
Ananya Shetty,user253@gmail.com,Sree Chitra Thirunal College of Engineering,CyberShield Hackathon
Varun Joshi,user254@gmail.com,Mar Baselios College of Engineering,GreenTech Hackathon
Aishwarya Patel,user255@gmail.com,College of Engineering Trivandrum (CET),AI Innovators Hackathon
Rahul Pillai,user256@gmail.com,Mar Baselios College of Engineering,InnovateX Hackathon
Rahul Verma,user257@gmail.com,Sree Chitra Thirunal College of Engineering,InnovateX Hackathon
Diya Das,user258@gmail.com,Mar Baselios College of Engineering,WebWave Hackathon
Rohan Yadav,user259@gmail.com,Mar Baselios College of Engineering,InnovateX Hackathon
Varun Nair,user260@gmail.com,College of Engineering Trivandrum (CET),AI Innovators Hackathon
Kavya Verma,user261@gmail.com,College of Engineering Trivandrum (CET),InnovateX Hackathon
Priya Nair,user262@gmail.com,LBS Institute of Technology for Women (LBSITW),AI Innovators Hackathon
Sneha Menon,user263@gmail.com,Mar Baselios College of Engineering,GreenTech Hackathon
Sneha Sharma,user264@gmail.com,Government Engineering College Barton Hill,InnovateX Hackathon
Varun Bose,user265@gmail.com,Government Engineering College Barton Hill,AI Innovators Hackathon
Aditya Sharma,user266@gmail.com,LBS Institute of Technology for Women (LBSITW),InnovateX Hackathon
Arjun Iyer,user267@gmail.com,Mar Baselios College of Engineering,InnovateX Hackathon
Varun Malhotra,user268@gmail.com,College of Engineering Trivandrum (CET),CyberShield Hackathon
Arjun Joshi,user269@gmail.com,College of Engineering Trivandrum (CET),GreenTech Hackathon
Harsha Kapoor,user270@gmail.com,LBS Institute of Technology for Women (LBSITW),GreenTech Hackathon
Meera Chopra,user271@gmail.com,Sree Chitra Thirunal College of Engineering,AI Innovators Hackathon
Kavya Mishra,user272@gmail.com,Mar Baselios College of Engineering,WebWave Hackathon
Siddharth Bose,user273@gmail.com,Sree Chitra Thirunal College of Engineering,AI Innovators Hackathon
Aishwarya Mishra,user275@gmail.com,College of Engineering Trivandrum (CET),InnovateX Hackathon
Rahul Pillai,user276@gmail.com,Sree Chitra Thirunal College of Engineering,GreenTech Hackathon
Ananya Yadav,user278@gmail.com,Government Engineering College Barton Hill,AI Innovators Hackathon
Aditya Malhotra,user279@gmail.com,College of Engineering Trivandrum (CET),WebWave Hackathon
Nisha Chopra,user280@gmail.com,Mar Baselios College of Engineering,GreenTech Hackathon
Rohan Rao,user281@gmail.com,Mar Baselios College of Engineering,CyberShield Hackathon
Varun Das,user282@gmail.com,College of Engineering Trivandrum (CET),AI Innovators Hackathon
Vikram Shetty,user283@gmail.com,Government Engineering College Barton Hill,InnovateX Hackathon
Sneha Pillai,user284@gmail.com,Government Engineering College Barton Hill,AI Innovators Hackathon
Manoj Pillai,user285@gmail.com,College of Engineering Trivandrum (CET),InnovateX Hackathon
Vikram Joshi,user286@gmail.com,College of Engineering Trivandrum (CET),CyberShield Hackathon
Pooja Patel,user287@gmail.com,College of Engineering Trivandrum (CET),InnovateX Hackathon
Rohan Rao,user288@gmail.com,Government Engineering College Barton Hill,CyberShield Hackathon
Sneha Rao,user289@gmail.com,Mar Baselios College of Engineering,AI Innovators Hackathon
Varun Joshi,user290@gmail.com,College of Engineering Trivandrum (CET),WebWave Hackathon
Kavya Kapoor,user292@gmail.com,Government Engineering College Barton Hill,WebWave Hackathon
Aishwarya Bose,user293@gmail.com,Government Engineering College Barton Hill,GreenTech Hackathon
Aishwarya Mishra,user294@gmail.com,Sree Chitra Thirunal College of Engineering,GreenTech Hackathon
Sneha Iyer,user295@gmail.com,LBS Institute of Technology for Women (LBSITW),InnovateX Hackathon
Vikram Das,user296@gmail.com,Mar Baselios College of Engineering,GreenTech Hackathon
Aishwarya Kapoor,user297@gmail.com,Sree Chitra Thirunal College of Engineering,AI Innovators Hackathon
Kavya Bose,user299@gmail.com,Government Engineering College Barton Hill,AI Innovators Hackathon
Rahul Iyer,user300@gmail.com,Sree Chitra Thirunal College of Engineering,CyberShield Hackathon
Aditya Mishra,user301@gmail.com,Government Engineering College Barton Hill,InnovateX Hackathon
Manoj Kulkarni,user302@gmail.com,College of Engineering Trivandrum (CET),InnovateX Hackathon
Manoj Kapoor,user303@gmail.com,Mar Baselios College of Engineering,CyberShield Hackathon
Rahul Pillai,user304@gmail.com,Government Engineering College Barton Hill,InnovateX Hackathon
Diya Pillai,user305@gmail.com,Government Engineering College Barton Hill,CyberShield Hackathon
Kavya Sharma,user306@gmail.com,College of Engineering Trivandrum (CET),AI Innovators Hackathon
Manoj Verma,user307@gmail.com,Sree Chitra Thirunal College of Engineering,GreenTech Hackathon
Nisha Iyer,user308@gmail.com,College of Engineering Trivandrum (CET),CyberShield Hackathon
Karthik Shetty,user309@gmail.com,Sree Chitra Thirunal College of Engineering,WebWave Hackathon
Nisha Yadav,user310@gmail.com,College of Engineering Trivandrum (CET),InnovateX Hackathon
Karthik Nair,user311@gmail.com,College of Engineering Trivandrum (CET),GreenTech Hackathon
Priya Kulkarni,user312@gmail.com,Mar Baselios College of Engineering,InnovateX Hackathon
Karthik Malhotra,user313@gmail.com,College of Engineering Trivandrum (CET),AI Innovators Hackathon
Siddharth Iyer,user314@gmail.com,Sree Chitra Thirunal College of Engineering,GreenTech Hackathon
Nisha Reddy,user315@gmail.com,Mar Baselios College of Engineering,InnovateX Hackathon
Vikram Joshi,user316@gmail.com,Government Engineering College Barton Hill,GreenTech Hackathon
Ananya Menon,user317@gmail.com,Government Engineering College Barton Hill,WebWave Hackathon
Aishwarya Joshi,user320@gmail.com,Government Engineering College Barton Hill,WebWave Hackathon
Pooja Reddy,user321@gmail.com,Sree Chitra Thirunal College of Engineering,CyberShield Hackathon
Divya Joshi,user322@gmail.com,LBS Institute of Technology for Women (LBSITW),InnovateX Hackathon
Varun Kulkarni,user323@gmail.com,Mar Baselios College of Engineering,WebWave Hackathon
Rahul Sharma,user324@gmail.com,Mar Baselios College of Engineering,InnovateX Hackathon
Karthik Shetty,user325@gmail.com,Government Engineering College Barton Hill,InnovateX Hackathon
Arjun Sharma,user326@gmail.com,College of Engineering Trivandrum (CET),CyberShield Hackathon
Nisha Joshi,user327@gmail.com,Sree Chitra Thirunal College of Engineering,AI Innovators Hackathon
Kavya Bose,user329@gmail.com,Government Engineering College Barton Hill,WebWave Hackathon
Aditya Chopra,user330@gmail.com,College of Engineering Trivandrum (CET),WebWave Hackathon
Siddharth Bose,user331@gmail.com,Government Engineering College Barton Hill,GreenTech Hackathon
Vikram Kulkarni,user332@gmail.com,College of Engineering Trivandrum (CET),AI Innovators Hackathon
Vikram Joshi,user333@gmail.com,Government Engineering College Barton Hill,InnovateX Hackathon
Ananya Das,user334@gmail.com,College of Engineering Trivandrum (CET),GreenTech Hackathon
Pooja Iyer,user335@gmail.com,Government Engineering College Barton Hill,CyberShield Hackathon
Kavya Kapoor,user336@gmail.com,Sree Chitra Thirunal College of Engineering,CyberShield Hackathon
Ananya Bose,user337@gmail.com,College of Engineering Trivandrum (CET),WebWave Hackathon
Priya Das,user338@gmail.com,Mar Baselios College of Engineering,WebWave Hackathon
Divya Verma,user339@gmail.com,Government Engineering College Barton Hill,GreenTech Hackathon
Pooja Mishra,user340@gmail.com,College of Engineering Trivandrum (CET),GreenTech Hackathon
Siddharth Chopra,user341@gmail.com,LBS Institute of Technology for Women (LBSITW),InnovateX Hackathon
Vikram Rao,user342@gmail.com,Sree Chitra Thirunal College of Engineering,InnovateX Hackathon
Priya Yadav,user343@gmail.com,Sree Chitra Thirunal College of Engineering,AI Innovators Hackathon
Harsha Yadav,user344@gmail.com,Sree Chitra Thirunal College of Engineering,CyberShield Hackathon
Manoj Kapoor,user345@gmail.com,Government Engineering College Barton Hill,AI Innovators Hackathon
Diya Verma,user346@gmail.com,Sree Chitra Thirunal College of Engineering,AI Innovators Hackathon
Divya Rao,user347@gmail.com,Government Engineering College Barton Hill,CyberShield Hackathon
Siddharth Verma,user348@gmail.com,Sree Chitra Thirunal College of Engineering,CyberShield Hackathon
Arjun Gupta,user349@gmail.com,Mar Baselios College of Engineering,AI Innovators Hackathon
Harsha Mishra,user350@gmail.com,College of Engineering Trivandrum (CET),GreenTech Hackathon
Vikram Mishra,user351@gmail.com,Sree Chitra Thirunal College of Engineering,CyberShield Hackathon
Manoj Chopra,user352@gmail.com,Sree Chitra Thirunal College of Engineering,GreenTech Hackathon
Vikram Menon,user353@gmail.com,Government Engineering College Barton Hill,AI Innovators Hackathon
Ananya Mishra,user354@gmail.com,Mar Baselios College of Engineering,WebWave Hackathon
Sneha Nair,user355@gmail.com,Sree Chitra Thirunal College of Engineering,InnovateX Hackathon
Aditya Shetty,user356@gmail.com,College of Engineering Trivandrum (CET),GreenTech Hackathon
Divya Das,user357@gmail.com,Government Engineering College Barton Hill,InnovateX Hackathon
Diya Rao,user358@gmail.com,LBS Institute of Technology for Women (LBSITW),GreenTech Hackathon
Sneha Malhotra,user359@gmail.com,Mar Baselios College of Engineering,CyberShield Hackathon
Ananya Das,user360@gmail.com,Sree Chitra Thirunal College of Engineering,GreenTech Hackathon
Rahul Menon,user361@gmail.com,Sree Chitra Thirunal College of Engineering,GreenTech Hackathon
Nisha Shetty,user362@gmail.com,Sree Chitra Thirunal College of Engineering,GreenTech Hackathon
Priya Verma,user363@gmail.com,Mar Baselios College of Engineering,CyberShield Hackathon
Harsha Das,user364@gmail.com,College of Engineering Trivandrum (CET),AI Innovators Hackathon
Karthik Das,user365@gmail.com,Sree Chitra Thirunal College of Engineering,GreenTech Hackathon
Arjun Rao,user366@gmail.com,Government Engineering College Barton Hill,GreenTech Hackathon
Sneha Malhotra,user367@gmail.com,Mar Baselios College of Engineering,InnovateX Hackathon
Vikram Gupta,user368@gmail.com,LBS Institute of Technology for Women (LBSITW),GreenTech Hackathon
Varun Sharma,user370@gmail.com,College of Engineering Trivandrum (CET),AI Innovators Hackathon
Kavya Pillai,user372@gmail.com,Government Engineering College Barton Hill,InnovateX Hackathon
Sneha Yadav,user373@gmail.com,Sree Chitra Thirunal College of Engineering,WebWave Hackathon
Diya Pillai,user374@gmail.com,LBS Institute of Technology for Women (LBSITW),CyberShield Hackathon
Priya Sharma,user375@gmail.com,Sree Chitra Thirunal College of Engineering,GreenTech Hackathon
Vikram Malhotra,user376@gmail.com,Government Engineering College Barton Hill,GreenTech Hackathon
Aishwarya Rao,user377@gmail.com,College of Engineering Trivandrum (CET),GreenTech Hackathon
Kavya Pillai,user378@gmail.com,LBS Institute of Technology for Women (LBSITW),CyberShield Hackathon
Rohan Verma,user379@gmail.com,Government Engineering College Barton Hill,GreenTech Hackathon
Rahul Kulkarni,user380@gmail.com,Sree Chitra Thirunal College of Engineering,CyberShield Hackathon
Harsha Reddy,user381@gmail.com,Sree Chitra Thirunal College of Engineering,CyberShield Hackathon
Pooja Pillai,user382@gmail.com,College of Engineering Trivandrum (CET),CyberShield Hackathon
Ananya Shetty,user383@gmail.com,Sree Chitra Thirunal College of Engineering,CyberShield Hackathon
Kavya Sharma,user385@gmail.com,College of Engineering Trivandrum (CET),GreenTech Hackathon
Karthik Joshi,user386@gmail.com,Government Engineering College Barton Hill,GreenTech Hackathon
Vikram Joshi,user387@gmail.com,Sree Chitra Thirunal College of Engineering,GreenTech Hackathon
Diya Sharma,user388@gmail.com,Mar Baselios College of Engineering,InnovateX Hackathon
Vikram Rao,user389@gmail.com,Government Engineering College Barton Hill,CyberShield Hackathon
Kavya Nair,user390@gmail.com,College of Engineering Trivandrum (CET),CyberShield Hackathon
Ananya Sharma,user391@gmail.com,Mar Baselios College of Engineering,WebWave Hackathon
Rahul Iyer,user392@gmail.com,College of Engineering Trivandrum (CET),AI Innovators Hackathon
Priya Nair,user393@gmail.com,Government Engineering College Barton Hill,GreenTech Hackathon
Rahul Kapoor,user394@gmail.com,Sree Chitra Thirunal College of Engineering,WebWave Hackathon
Varun Bose,user395@gmail.com,LBS Institute of Technology for Women (LBSITW),GreenTech Hackathon
Aishwarya Das,user396@gmail.com,Government Engineering College Barton Hill,GreenTech Hackathon
Arjun Pillai,user397@gmail.com,Sree Chitra Thirunal College of Engineering,InnovateX Hackathon
Arjun Malhotra,user398@gmail.com,LBS Institute of Technology for Women (LBSITW),GreenTech Hackathon
Varun Sharma,user399@gmail.com,Mar Baselios College of Engineering,AI Innovators Hackathon
Priya Chopra,user400@gmail.com,Sree Chitra Thirunal College of Engineering,GreenTech Hackathon
Divya Nair,user401@gmail.com,College of Engineering Trivandrum (CET),WebWave Hackathon
Nisha Iyer,user402@gmail.com,Sree Chitra Thirunal College of Engineering,CyberShield Hackathon
Meera Joshi,user403@gmail.com,College of Engineering Trivandrum (CET),GreenTech Hackathon
Karthik Mishra,user404@gmail.com,Sree Chitra Thirunal College of Engineering,WebWave Hackathon
Divya Verma,user406@gmail.com,College of Engineering Trivandrum (CET),CyberShield Hackathon
Varun Bose,user407@gmail.com,LBS Institute of Technology for Women (LBSITW),AI Innovators Hackathon
Meera Rao,user408@gmail.com,Sree Chitra Thirunal College of Engineering,AI Innovators Hackathon
Kavya Mishra,user409@gmail.com,Mar Baselios College of Engineering,InnovateX Hackathon
Ananya Patel,user411@gmail.com,Sree Chitra Thirunal College of Engineering,WebWave Hackathon
Divya Verma,user412@gmail.com,Government Engineering College Barton Hill,CyberShield Hackathon
Karthik Verma,user413@gmail.com,LBS Institute of Technology for Women (LBSITW),InnovateX Hackathon
Sneha Gupta,user414@gmail.com,Mar Baselios College of Engineering,CyberShield Hackathon
Aishwarya Menon,user415@gmail.com,Government Engineering College Barton Hill,WebWave Hackathon
Vikram Shetty,user416@gmail.com,Mar Baselios College of Engineering,CyberShield Hackathon
Karthik Yadav,user417@gmail.com,Sree Chitra Thirunal College of Engineering,GreenTech Hackathon
Aishwarya Joshi,user418@gmail.com,Government Engineering College Barton Hill,InnovateX Hackathon
Nisha Iyer,user419@gmail.com,Sree Chitra Thirunal College of Engineering,CyberShield Hackathon
Siddharth Iyer,user420@gmail.com,Sree Chitra Thirunal College of Engineering,InnovateX Hackathon
Arjun Chopra,user421@gmail.com,Sree Chitra Thirunal College of Engineering,InnovateX Hackathon
Sneha Yadav,user422@gmail.com,Mar Baselios College of Engineering,AI Innovators Hackathon
Aditya Kulkarni,user423@gmail.com,LBS Institute of Technology for Women (LBSITW),GreenTech Hackathon
Karthik Das,user424@gmail.com,Government Engineering College Barton Hill,GreenTech Hackathon
Harsha Das,user425@gmail.com,Government Engineering College Barton Hill,InnovateX Hackathon
Harsha Yadav,user427@gmail.com,Sree Chitra Thirunal College of Engineering,AI Innovators Hackathon
Diya Gupta,user428@gmail.com,College of Engineering Trivandrum (CET),InnovateX Hackathon
Arjun Sharma,user429@gmail.com,College of Engineering Trivandrum (CET),GreenTech Hackathon
Aishwarya Joshi,user431@gmail.com,Mar Baselios College of Engineering,WebWave Hackathon
Manoj Das,user432@gmail.com,Sree Chitra Thirunal College of Engineering,InnovateX Hackathon
Aditya Pillai,user433@gmail.com,Sree Chitra Thirunal College of Engineering,AI Innovators Hackathon
Kavya Sharma,user434@gmail.com,Sree Chitra Thirunal College of Engineering,AI Innovators Hackathon
Priya Shetty,user435@gmail.com,Government Engineering College Barton Hill,GreenTech Hackathon
Karthik Verma,user436@gmail.com,LBS Institute of Technology for Women (LBSITW),GreenTech Hackathon
Harsha Rao,user437@gmail.com,Government Engineering College Barton Hill,InnovateX Hackathon
Divya Patel,user438@gmail.com,College of Engineering Trivandrum (CET),CyberShield Hackathon
Harsha Rao,user439@gmail.com,LBS Institute of Technology for Women (LBSITW),WebWave Hackathon
Manoj Yadav,user441@gmail.com,College of Engineering Trivandrum (CET),WebWave Hackathon
Aditya Malhotra,user442@gmail.com,LBS Institute of Technology for Women (LBSITW),WebWave Hackathon
Siddharth Malhotra,user443@gmail.com,Mar Baselios College of Engineering,WebWave Hackathon
Diya Menon,user444@gmail.com,Mar Baselios College of Engineering,AI Innovators Hackathon
Rohan Chopra,user445@gmail.com,Sree Chitra Thirunal College of Engineering,GreenTech Hackathon
Arjun Iyer,user446@gmail.com,College of Engineering Trivandrum (CET),CyberShield Hackathon
Siddharth Nair,user447@gmail.com,College of Engineering Trivandrum (CET),InnovateX Hackathon
Divya Iyer,user448@gmail.com,LBS Institute of Technology for Women (LBSITW),InnovateX Hackathon
Rohan Kapoor,user449@gmail.com,LBS Institute of Technology for Women (LBSITW),InnovateX Hackathon
Varun Menon,user450@gmail.com,Sree Chitra Thirunal College of Engineering,CyberShield Hackathon
Meera Sharma,user451@gmail.com,College of Engineering Trivandrum (CET),AI Innovators Hackathon
Diya Malhotra,user452@gmail.com,College of Engineering Trivandrum (CET),InnovateX Hackathon
Harsha Yadav,user453@gmail.com,Sree Chitra Thirunal College of Engineering,InnovateX Hackathon
Diya Rao,user454@gmail.com,Government Engineering College Barton Hill,InnovateX Hackathon
Aditya Patel,user455@gmail.com,College of Engineering Trivandrum (CET),AI Innovators Hackathon
Ananya Sharma,user456@gmail.com,Mar Baselios College of Engineering,GreenTech Hackathon
Kavya Gupta,user457@gmail.com,Sree Chitra Thirunal College of Engineering,WebWave Hackathon
Manoj Malhotra,user458@gmail.com,LBS Institute of Technology for Women (LBSITW),CyberShield Hackathon
Harsha Das,user459@gmail.com,Government Engineering College Barton Hill,CyberShield Hackathon
Ananya Shetty,user460@gmail.com,Mar Baselios College of Engineering,GreenTech Hackathon
Diya Mishra,user461@gmail.com,Sree Chitra Thirunal College of Engineering,CyberShield Hackathon
Varun Mishra,user462@gmail.com,Government Engineering College Barton Hill,InnovateX Hackathon
Aishwarya Chopra,user463@gmail.com,Government Engineering College Barton Hill,AI Innovators Hackathon
Sneha Bose,user464@gmail.com,Sree Chitra Thirunal College of Engineering,CyberShield Hackathon
Pooja Sharma,user465@gmail.com,LBS Institute of Technology for Women (LBSITW),WebWave Hackathon
Vikram Das,user466@gmail.com,College of Engineering Trivandrum (CET),WebWave Hackathon
Aishwarya Yadav,user467@gmail.com,College of Engineering Trivandrum (CET),CyberShield Hackathon
Siddharth Sharma,user468@gmail.com,Government Engineering College Barton Hill,InnovateX Hackathon
Karthik Reddy,user469@gmail.com,Mar Baselios College of Engineering,GreenTech Hackathon
Kavya Verma,user470@gmail.com,Mar Baselios College of Engineering,CyberShield Hackathon
Siddharth Reddy,user471@gmail.com,College of Engineering Trivandrum (CET),CyberShield Hackathon
Aditya Sharma,user472@gmail.com,LBS Institute of Technology for Women (LBSITW),CyberShield Hackathon
Aishwarya Reddy,user473@gmail.com,Sree Chitra Thirunal College of Engineering,InnovateX Hackathon
Sneha Patel,user474@gmail.com,College of Engineering Trivandrum (CET),InnovateX Hackathon
Arjun Kapoor,user475@gmail.com,LBS Institute of Technology for Women (LBSITW),WebWave Hackathon
Diya Kulkarni,user476@gmail.com,Mar Baselios College of Engineering,InnovateX Hackathon
Karthik Menon,user477@gmail.com,Mar Baselios College of Engineering,GreenTech Hackathon
Harsha Das,user478@gmail.com,Government Engineering College Barton Hill,AI Innovators Hackathon
Varun Das,user479@gmail.com,LBS Institute of Technology for Women (LBSITW),GreenTech Hackathon
Kavya Verma,user480@gmail.com,Mar Baselios College of Engineering,CyberShield Hackathon
Karthik Joshi,user481@gmail.com,Sree Chitra Thirunal College of Engineering,CyberShield Hackathon
Priya Joshi,user482@gmail.com,College of Engineering Trivandrum (CET),GreenTech Hackathon
Ananya Iyer,user483@gmail.com,College of Engineering Trivandrum (CET),AI Innovators Hackathon
Harsha Nair,user484@gmail.com,Sree Chitra Thirunal College of Engineering,InnovateX Hackathon
Pooja Malhotra,user485@gmail.com,College of Engineering Trivandrum (CET),GreenTech Hackathon
Karthik Kulkarni,user486@gmail.com,Sree Chitra Thirunal College of Engineering,WebWave Hackathon
Sneha Iyer,user488@gmail.com,College of Engineering Trivandrum (CET),AI Innovators Hackathon
Priya Kulkarni,user489@gmail.com,College of Engineering Trivandrum (CET),WebWave Hackathon
Kavya Nair,user490@gmail.com,College of Engineering Trivandrum (CET),CyberShield Hackathon
Karthik Yadav,user491@gmail.com,Sree Chitra Thirunal College of Engineering,AI Innovators Hackathon
Manoj Das,user492@gmail.com,Government Engineering College Barton Hill,InnovateX Hackathon
Meera Joshi,user493@gmail.com,LBS Institute of Technology for Women (LBSITW),AI Innovators Hackathon
Varun Das,user494@gmail.com,Sree Chitra Thirunal College of Engineering,GreenTech Hackathon
Divya Bose,user495@gmail.com,Sree Chitra Thirunal College of Engineering,AI Innovators Hackathon
Meera Bose,user496@gmail.com,LBS Institute of Technology for Women (LBSITW),WebWave Hackathon
Meera Mishra,user497@gmail.com,College of Engineering Trivandrum (CET),GreenTech Hackathon
Pooja Malhotra,user498@gmail.com,Mar Baselios College of Engineering,GreenTech Hackathon
Pooja Mishra,user499@gmail.com,Sree Chitra Thirunal College of Engineering,GreenTech Hackathon
Nisha Joshi,user500@gmail.com,College of Engineering Trivandrum (CET),InnovateX Hackathon
Nisha Kulkarni,user501@gmail.com,Sree Chitra Thirunal College of Engineering,AI Innovators Hackathon
Aditya Rao,user503@gmail.com,College of Engineering Trivandrum (CET),CyberShield Hackathon
Harsha Verma,user505@gmail.com,Government Engineering College Barton Hill,GreenTech Hackathon
Rahul Chopra,user506@gmail.com,Sree Chitra Thirunal College of Engineering,GreenTech Hackathon
Aishwarya Rao,user507@gmail.com,Government Engineering College Barton Hill,CyberShield Hackathon
Siddharth Iyer,user508@gmail.com,LBS Institute of Technology for Women (LBSITW),CyberShield Hackathon
Ananya Malhotra,user509@gmail.com,College of Engineering Trivandrum (CET),InnovateX Hackathon
Arjun Kulkarni,user510@gmail.com,College of Engineering Trivandrum (CET),AI Innovators Hackathon
Nisha Pillai,user511@gmail.com,LBS Institute of Technology for Women (LBSITW),AI Innovators Hackathon
Varun Chopra,user512@gmail.com,College of Engineering Trivandrum (CET),CyberShield Hackathon
Divya Bose,user513@gmail.com,Government Engineering College Barton Hill,AI Innovators Hackathon
Siddharth Chopra,user514@gmail.com,Government Engineering College Barton Hill,AI Innovators Hackathon
Divya Shetty,user515@gmail.com,College of Engineering Trivandrum (CET),AI Innovators Hackathon
Pooja Verma,user516@gmail.com,Sree Chitra Thirunal College of Engineering,InnovateX Hackathon
Rohan Gupta,user517@gmail.com,Sree Chitra Thirunal College of Engineering,InnovateX Hackathon
Harsha Das,user518@gmail.com,Sree Chitra Thirunal College of Engineering,AI Innovators Hackathon
Diya Shetty,user519@gmail.com,LBS Institute of Technology for Women (LBSITW),CyberShield Hackathon
Kavya Gupta,user522@gmail.com,Mar Baselios College of Engineering,GreenTech Hackathon
Kavya Malhotra,user523@gmail.com,Government Engineering College Barton Hill,GreenTech Hackathon
Aditya Sharma,user524@gmail.com,LBS Institute of Technology for Women (LBSITW),CyberShield Hackathon
Pooja Shetty,user525@gmail.com,Government Engineering College Barton Hill,AI Innovators Hackathon
Manoj Rao,user526@gmail.com,Mar Baselios College of Engineering,InnovateX Hackathon
Aditya Sharma,user527@gmail.com,Sree Chitra Thirunal College of Engineering,WebWave Hackathon
Priya Pillai,user529@gmail.com,Government Engineering College Barton Hill,GreenTech Hackathon
Aditya Bose,user530@gmail.com,LBS Institute of Technology for Women (LBSITW),InnovateX Hackathon
Aishwarya Malhotra,user531@gmail.com,College of Engineering Trivandrum (CET),GreenTech Hackathon
Rohan Bose,user532@gmail.com,Mar Baselios College of Engineering,CyberShield Hackathon
Divya Kulkarni,user533@gmail.com,College of Engineering Trivandrum (CET),CyberShield Hackathon
Aishwarya Gupta,user534@gmail.com,Government Engineering College Barton Hill,WebWave Hackathon
Pooja Patel,user535@gmail.com,LBS Institute of Technology for Women (LBSITW),GreenTech Hackathon
Sneha Yadav,user536@gmail.com,College of Engineering Trivandrum (CET),GreenTech Hackathon
Nisha Kapoor,user537@gmail.com,College of Engineering Trivandrum (CET),WebWave Hackathon
Vikram Yadav,user538@gmail.com,LBS Institute of Technology for Women (LBSITW),WebWave Hackathon
Karthik Reddy,user539@gmail.com,Government Engineering College Barton Hill,InnovateX Hackathon
Arjun Menon,user540@gmail.com,College of Engineering Trivandrum (CET),InnovateX Hackathon
Vikram Nair,user541@gmail.com,Mar Baselios College of Engineering,GreenTech Hackathon
Nisha Kulkarni,user542@gmail.com,Sree Chitra Thirunal College of Engineering,WebWave Hackathon
Manoj Nair,user543@gmail.com,Sree Chitra Thirunal College of Engineering,CyberShield Hackathon
Nisha Rao,user544@gmail.com,Government Engineering College Barton Hill,WebWave Hackathon
Rohan Bose,user545@gmail.com,Government Engineering College Barton Hill,WebWave Hackathon
Ananya Das,user546@gmail.com,LBS Institute of Technology for Women (LBSITW),WebWave Hackathon
Diya Malhotra,user547@gmail.com,Sree Chitra Thirunal College of Engineering,CyberShield Hackathon
Sneha Kulkarni,user548@gmail.com,Mar Baselios College of Engineering,AI Innovators Hackathon
Rohan Das,user549@gmail.com,Mar Baselios College of Engineering,GreenTech Hackathon
Ananya Kulkarni,user551@gmail.com,College of Engineering Trivandrum (CET),GreenTech Hackathon
Ananya Das,user553@gmail.com,LBS Institute of Technology for Women (LBSITW),WebWave Hackathon
Manoj Gupta,user554@gmail.com,College of Engineering Trivandrum (CET),AI Innovators Hackathon
Aishwarya Pillai,user555@gmail.com,LBS Institute of Technology for Women (LBSITW),AI Innovators Hackathon
Nisha Reddy,user556@gmail.com,College of Engineering Trivandrum (CET),CyberShield Hackathon
Nisha Bose,user557@gmail.com,LBS Institute of Technology for Women (LBSITW),GreenTech Hackathon
Diya Kulkarni,user558@gmail.com,Sree Chitra Thirunal College of Engineering,WebWave Hackathon
Vikram Chopra,user559@gmail.com,Mar Baselios College of Engineering,GreenTech Hackathon
Karthik Menon,user560@gmail.com,Government Engineering College Barton Hill,CyberShield Hackathon
Aishwarya Nair,user561@gmail.com,College of Engineering Trivandrum (CET),CyberShield Hackathon
Rohan Nair,user562@gmail.com,LBS Institute of Technology for Women (LBSITW),GreenTech Hackathon
Priya Das,user564@gmail.com,Sree Chitra Thirunal College of Engineering,GreenTech Hackathon
Sneha Yadav,user565@gmail.com,College of Engineering Trivandrum (CET),AI Innovators Hackathon
Meera Verma,user566@gmail.com,Mar Baselios College of Engineering,AI Innovators Hackathon
Karthik Pillai,user567@gmail.com,Sree Chitra Thirunal College of Engineering,GreenTech Hackathon
Ananya Chopra,user568@gmail.com,College of Engineering Trivandrum (CET),InnovateX Hackathon
Pooja Pillai,user569@gmail.com,Government Engineering College Barton Hill,GreenTech Hackathon
Priya Kulkarni,user570@gmail.com,Sree Chitra Thirunal College of Engineering,InnovateX Hackathon
Varun Mishra,user571@gmail.com,LBS Institute of Technology for Women (LBSITW),WebWave Hackathon
Rohan Joshi,user572@gmail.com,Sree Chitra Thirunal College of Engineering,InnovateX Hackathon
Siddharth Joshi,user573@gmail.com,Mar Baselios College of Engineering,InnovateX Hackathon
Sneha Menon,user574@gmail.com,LBS Institute of Technology for Women (LBSITW),GreenTech Hackathon
Arjun Bose,user575@gmail.com,Mar Baselios College of Engineering,AI Innovators Hackathon
Aditya Sharma,user576@gmail.com,Mar Baselios College of Engineering,InnovateX Hackathon
Harsha Nair,user577@gmail.com,Mar Baselios College of Engineering,GreenTech Hackathon
Aishwarya Gupta,user578@gmail.com,Mar Baselios College of Engineering,WebWave Hackathon
Nisha Verma,user580@gmail.com,Mar Baselios College of Engineering,GreenTech Hackathon
Ananya Bose,user581@gmail.com,Sree Chitra Thirunal College of Engineering,GreenTech Hackathon
Harsha Kapoor,user582@gmail.com,Mar Baselios College of Engineering,AI Innovators Hackathon
Siddharth Sharma,user583@gmail.com,Sree Chitra Thirunal College of Engineering,GreenTech Hackathon
Harsha Iyer,user584@gmail.com,Sree Chitra Thirunal College of Engineering,CyberShield Hackathon
Sneha Shetty,user585@gmail.com,Sree Chitra Thirunal College of Engineering,InnovateX Hackathon
Pooja Verma,user586@gmail.com,College of Engineering Trivandrum (CET),AI Innovators Hackathon
Rohan Verma,user587@gmail.com,College of Engineering Trivandrum (CET),CyberShield Hackathon
Rohan Reddy,user588@gmail.com,Government Engineering College Barton Hill,AI Innovators Hackathon
Meera Bose,user589@gmail.com,Mar Baselios College of Engineering,WebWave Hackathon
Kavya Joshi,user590@gmail.com,Mar Baselios College of Engineering,InnovateX Hackathon
Aishwarya Chopra,user591@gmail.com,Sree Chitra Thirunal College of Engineering,InnovateX Hackathon
Rohan Verma,user592@gmail.com,LBS Institute of Technology for Women (LBSITW),AI Innovators Hackathon
Varun Malhotra,user594@gmail.com,Government Engineering College Barton Hill,InnovateX Hackathon
Diya Pillai,user595@gmail.com,Government Engineering College Barton Hill,WebWave Hackathon
Pooja Nair,user596@gmail.com,Government Engineering College Barton Hill,CyberShield Hackathon
Meera Pillai,user597@gmail.com,Sree Chitra Thirunal College of Engineering,AI Innovators Hackathon
Pooja Mishra,user598@gmail.com,Mar Baselios College of Engineering,InnovateX Hackathon
Meera Kulkarni,user599@gmail.com,Sree Chitra Thirunal College of Engineering,AI Innovators Hackathon
Aishwarya Kapoor,user600@gmail.com,College of Engineering Trivandrum (CET),CyberShield Hackathon
Ananya Malhotra,user601@gmail.com,LBS Institute of Technology for Women (LBSITW),GreenTech Hackathon
Sneha Kulkarni,user602@gmail.com,LBS Institute of Technology for Women (LBSITW),CyberShield Hackathon
Harsha Joshi,user603@gmail.com,College of Engineering Trivandrum (CET),AI Innovators Hackathon
Sneha Das,user604@gmail.com,Government Engineering College Barton Hill,WebWave Hackathon
Aditya Bose,user605@gmail.com,Government Engineering College Barton Hill,WebWave Hackathon
Priya Malhotra,user607@gmail.com,Sree Chitra Thirunal College of Engineering,CyberShield Hackathon
Ananya Reddy,user608@gmail.com,Sree Chitra Thirunal College of Engineering,AI Innovators Hackathon
Manoj Patel,user609@gmail.com,Mar Baselios College of Engineering,InnovateX Hackathon
Kavya Shetty,user610@gmail.com,College of Engineering Trivandrum (CET),GreenTech Hackathon
Karthik Kapoor,user611@gmail.com,Sree Chitra Thirunal College of Engineering,WebWave Hackathon
Nisha Gupta,user612@gmail.com,Mar Baselios College of Engineering,CyberShield Hackathon
Pooja Iyer,user613@gmail.com,Government Engineering College Barton Hill,WebWave Hackathon
Nisha Rao,user615@gmail.com,College of Engineering Trivandrum (CET),CyberShield Hackathon
Vikram Mishra,user617@gmail.com,Mar Baselios College of Engineering,AI Innovators Hackathon
Rohan Patel,user618@gmail.com,Mar Baselios College of Engineering,InnovateX Hackathon
Priya Mishra,user619@gmail.com,Government Engineering College Barton Hill,AI Innovators Hackathon
Siddharth Kapoor,user620@gmail.com,College of Engineering Trivandrum (CET),InnovateX Hackathon
Diya Sharma,user621@gmail.com,LBS Institute of Technology for Women (LBSITW),InnovateX Hackathon
Siddharth Nair,user622@gmail.com,Government Engineering College Barton Hill,GreenTech Hackathon
Siddharth Menon,user623@gmail.com,Government Engineering College Barton Hill,AI Innovators Hackathon
Manoj Iyer,user624@gmail.com,Mar Baselios College of Engineering,CyberShield Hackathon
Nisha Verma,user625@gmail.com,LBS Institute of Technology for Women (LBSITW),InnovateX Hackathon
Arjun Bose,user626@gmail.com,LBS Institute of Technology for Women (LBSITW),CyberShield Hackathon
Arjun Kulkarni,user627@gmail.com,Government Engineering College Barton Hill,InnovateX Hackathon
Harsha Malhotra,user628@gmail.com,Sree Chitra Thirunal College of Engineering,CyberShield Hackathon
Arjun Sharma,user629@gmail.com,LBS Institute of Technology for Women (LBSITW),CyberShield Hackathon
Priya Gupta,user630@gmail.com,Sree Chitra Thirunal College of Engineering,CyberShield Hackathon
Ananya Joshi,user631@gmail.com,Sree Chitra Thirunal College of Engineering,WebWave Hackathon
Kavya Menon,user632@gmail.com,Government Engineering College Barton Hill,WebWave Hackathon
Rahul Das,user633@gmail.com,LBS Institute of Technology for Women (LBSITW),InnovateX Hackathon
Kavya Iyer,user634@gmail.com,Sree Chitra Thirunal College of Engineering,InnovateX Hackathon
Aditya Iyer,user635@gmail.com,Government Engineering College Barton Hill,GreenTech Hackathon
Nisha Pillai,user636@gmail.com,Mar Baselios College of Engineering,WebWave Hackathon
Rohan Yadav,user637@gmail.com,Government Engineering College Barton Hill,GreenTech Hackathon
Aishwarya Rao,user638@gmail.com,Mar Baselios College of Engineering,WebWave Hackathon
Vikram Reddy,user639@gmail.com,Mar Baselios College of Engineering,WebWave Hackathon
Arjun Kulkarni,user640@gmail.com,Sree Chitra Thirunal College of Engineering,CyberShield Hackathon
Sneha Das,user641@gmail.com,LBS Institute of Technology for Women (LBSITW),InnovateX Hackathon
Karthik Joshi,user642@gmail.com,Government Engineering College Barton Hill,CyberShield Hackathon
Varun Menon,user643@gmail.com,LBS Institute of Technology for Women (LBSITW),WebWave Hackathon
Meera Bose,user644@gmail.com,Mar Baselios College of Engineering,InnovateX Hackathon
Rohan Nair,user645@gmail.com,College of Engineering Trivandrum (CET),AI Innovators Hackathon
Aditya Das,user646@gmail.com,Sree Chitra Thirunal College of Engineering,InnovateX Hackathon
Rohan Reddy,user647@gmail.com,LBS Institute of Technology for Women (LBSITW),GreenTech Hackathon
Diya Malhotra,user648@gmail.com,Government Engineering College Barton Hill,WebWave Hackathon
Rahul Pillai,user649@gmail.com,LBS Institute of Technology for Women (LBSITW),CyberShield Hackathon
Siddharth Kulkarni,user650@gmail.com,Sree Chitra Thirunal College of Engineering,AI Innovators Hackathon
Aditya Nair,user651@gmail.com,Government Engineering College Barton Hill,AI Innovators Hackathon
Priya Yadav,user652@gmail.com,LBS Institute of Technology for Women (LBSITW),CyberShield Hackathon
Divya Menon,user653@gmail.com,Mar Baselios College of Engineering,WebWave Hackathon
Kavya Patel,user654@gmail.com,Government Engineering College Barton Hill,AI Innovators Hackathon
Karthik Iyer,user655@gmail.com,Government Engineering College Barton Hill,InnovateX Hackathon
Siddharth Kulkarni,user656@gmail.com,Sree Chitra Thirunal College of Engineering,WebWave Hackathon
Rahul Iyer,user658@gmail.com,LBS Institute of Technology for Women (LBSITW),AI Innovators Hackathon
Karthik Chopra,user659@gmail.com,Mar Baselios College of Engineering,GreenTech Hackathon
Arjun Bose,user660@gmail.com,Government Engineering College Barton Hill,AI Innovators Hackathon
Diya Patel,user661@gmail.com,Mar Baselios College of Engineering,WebWave Hackathon
Karthik Kulkarni,user662@gmail.com,Mar Baselios College of Engineering,AI Innovators Hackathon
Karthik Patel,user663@gmail.com,Mar Baselios College of Engineering,CyberShield Hackathon
Diya Gupta,user664@gmail.com,Government Engineering College Barton Hill,GreenTech Hackathon
Divya Patel,user665@gmail.com,LBS Institute of Technology for Women (LBSITW),AI Innovators Hackathon
Divya Iyer,user666@gmail.com,LBS Institute of Technology for Women (LBSITW),InnovateX Hackathon
Manoj Joshi,user667@gmail.com,LBS Institute of Technology for Women (LBSITW),WebWave Hackathon
Meera Patel,user668@gmail.com,Mar Baselios College of Engineering,GreenTech Hackathon
Aishwarya Yadav,user669@gmail.com,Mar Baselios College of Engineering,AI Innovators Hackathon
Rahul Iyer,user670@gmail.com,LBS Institute of Technology for Women (LBSITW),InnovateX Hackathon
Pooja Joshi,user671@gmail.com,Sree Chitra Thirunal College of Engineering,GreenTech Hackathon
Ananya Yadav,user672@gmail.com,Mar Baselios College of Engineering,InnovateX Hackathon
Rahul Iyer,user673@gmail.com,Sree Chitra Thirunal College of Engineering,GreenTech Hackathon
Manoj Verma,user674@gmail.com,College of Engineering Trivandrum (CET),CyberShield Hackathon
Arjun Kapoor,user675@gmail.com,Government Engineering College Barton Hill,AI Innovators Hackathon
Karthik Rao,user676@gmail.com,Mar Baselios College of Engineering,AI Innovators Hackathon
Aditya Verma,user677@gmail.com,Sree Chitra Thirunal College of Engineering,CyberShield Hackathon
Priya Nair,user678@gmail.com,LBS Institute of Technology for Women (LBSITW),WebWave Hackathon
Ananya Kapoor,user679@gmail.com,LBS Institute of Technology for Women (LBSITW),GreenTech Hackathon
Aishwarya Mishra,user681@gmail.com,College of Engineering Trivandrum (CET),InnovateX Hackathon
Karthik Gupta,user682@gmail.com,LBS Institute of Technology for Women (LBSITW),GreenTech Hackathon
Manoj Patel,user683@gmail.com,Government Engineering College Barton Hill,InnovateX Hackathon
Priya Nair,user684@gmail.com,LBS Institute of Technology for Women (LBSITW),WebWave Hackathon
Pooja Menon,user685@gmail.com,College of Engineering Trivandrum (CET),InnovateX Hackathon
Kavya Mishra,user686@gmail.com,Mar Baselios College of Engineering,InnovateX Hackathon
Aishwarya Kulkarni,user687@gmail.com,Government Engineering College Barton Hill,CyberShield Hackathon
Pooja Menon,user688@gmail.com,Sree Chitra Thirunal College of Engineering,CyberShield Hackathon
Karthik Malhotra,user690@gmail.com,Government Engineering College Barton Hill,CyberShield Hackathon
Rohan Kapoor,user691@gmail.com,Mar Baselios College of Engineering,GreenTech Hackathon
Meera Pillai,user692@gmail.com,Mar Baselios College of Engineering,GreenTech Hackathon
Arjun Sharma,user693@gmail.com,College of Engineering Trivandrum (CET),CyberShield Hackathon
Arjun Malhotra,user694@gmail.com,Mar Baselios College of Engineering,GreenTech Hackathon
Vikram Kapoor,user696@gmail.com,College of Engineering Trivandrum (CET),InnovateX Hackathon
Priya Kulkarni,user697@gmail.com,Government Engineering College Barton Hill,CyberShield Hackathon
Rahul Nair,user698@gmail.com,College of Engineering Trivandrum (CET),WebWave Hackathon
Rohan Sharma,user699@gmail.com,Mar Baselios College of Engineering,CyberShield Hackathon
Ananya Menon,user700@gmail.com,Government Engineering College Barton Hill,WebWave Hackathon
Rahul Verma,user701@gmail.com,College of Engineering Trivandrum (CET),AI Innovators Hackathon
Diya Verma,user703@gmail.com,College of Engineering Trivandrum (CET),AI Innovators Hackathon
Kavya Shetty,user704@gmail.com,College of Engineering Trivandrum (CET),WebWave Hackathon
Siddharth Das,user705@gmail.com,Government Engineering College Barton Hill,CyberShield Hackathon
Vikram Menon,user706@gmail.com,Government Engineering College Barton Hill,GreenTech Hackathon
Harsha Chopra,user707@gmail.com,LBS Institute of Technology for Women (LBSITW),CyberShield Hackathon
Diya Kulkarni,user708@gmail.com,Government Engineering College Barton Hill,GreenTech Hackathon
Kavya Shetty,user709@gmail.com,Sree Chitra Thirunal College of Engineering,InnovateX Hackathon
Priya Verma,user710@gmail.com,College of Engineering Trivandrum (CET),CyberShield Hackathon
Manoj Gupta,user711@gmail.com,Government Engineering College Barton Hill,InnovateX Hackathon
Arjun Chopra,user712@gmail.com,LBS Institute of Technology for Women (LBSITW),InnovateX Hackathon
Vikram Patel,user713@gmail.com,LBS Institute of Technology for Women (LBSITW),InnovateX Hackathon
Ananya Patel,user714@gmail.com,Sree Chitra Thirunal College of Engineering,WebWave Hackathon
Pooja Nair,user715@gmail.com,Sree Chitra Thirunal College of Engineering,InnovateX Hackathon
Karthik Nair,user716@gmail.com,LBS Institute of Technology for Women (LBSITW),InnovateX Hackathon
Pooja Reddy,user717@gmail.com,Government Engineering College Barton Hill,AI Innovators Hackathon
Pooja Pillai,user718@gmail.com,Mar Baselios College of Engineering,InnovateX Hackathon
Kavya Pillai,user719@gmail.com,College of Engineering Trivandrum (CET),GreenTech Hackathon
Aditya Gupta,user720@gmail.com,Sree Chitra Thirunal College of Engineering,GreenTech Hackathon
Ananya Pillai,user721@gmail.com,Sree Chitra Thirunal College of Engineering,GreenTech Hackathon
Aishwarya Yadav,user722@gmail.com,Sree Chitra Thirunal College of Engineering,GreenTech Hackathon
Aishwarya Chopra,user723@gmail.com,College of Engineering Trivandrum (CET),CyberShield Hackathon
Varun Chopra,user724@gmail.com,LBS Institute of Technology for Women (LBSITW),WebWave Hackathon
Siddharth Das,user726@gmail.com,Sree Chitra Thirunal College of Engineering,CyberShield Hackathon
Diya Malhotra,user727@gmail.com,Mar Baselios College of Engineering,InnovateX Hackathon
Siddharth Yadav,user729@gmail.com,College of Engineering Trivandrum (CET),GreenTech Hackathon
Arjun Joshi,user730@gmail.com,LBS Institute of Technology for Women (LBSITW),WebWave Hackathon
Pooja Iyer,user731@gmail.com,Government Engineering College Barton Hill,CyberShield Hackathon
Harsha Kapoor,user733@gmail.com,Sree Chitra Thirunal College of Engineering,CyberShield Hackathon
Sneha Kapoor,user734@gmail.com,College of Engineering Trivandrum (CET),InnovateX Hackathon
Nisha Iyer,user735@gmail.com,College of Engineering Trivandrum (CET),AI Innovators Hackathon
Pooja Kapoor,user736@gmail.com,College of Engineering Trivandrum (CET),WebWave Hackathon
Kavya Das,user737@gmail.com,LBS Institute of Technology for Women (LBSITW),WebWave Hackathon
Meera Iyer,user738@gmail.com,LBS Institute of Technology for Women (LBSITW),CyberShield Hackathon
Vikram Yadav,user739@gmail.com,Mar Baselios College of Engineering,CyberShield Hackathon
Rahul Shetty,user740@gmail.com,LBS Institute of Technology for Women (LBSITW),InnovateX Hackathon
Siddharth Kulkarni,user741@gmail.com,Government Engineering College Barton Hill,AI Innovators Hackathon
Ananya Kulkarni,user742@gmail.com,College of Engineering Trivandrum (CET),InnovateX Hackathon
Nisha Kapoor,user743@gmail.com,Mar Baselios College of Engineering,WebWave Hackathon
Arjun Reddy,user744@gmail.com,College of Engineering Trivandrum (CET),CyberShield Hackathon
Karthik Gupta,user745@gmail.com,Sree Chitra Thirunal College of Engineering,InnovateX Hackathon
Diya Rao,user746@gmail.com,Mar Baselios College of Engineering,WebWave Hackathon
Sneha Yadav,user747@gmail.com,College of Engineering Trivandrum (CET),AI Innovators Hackathon
Aditya Iyer,user748@gmail.com,Sree Chitra Thirunal College of Engineering,AI Innovators Hackathon
Sneha Pillai,user749@gmail.com,Government Engineering College Barton Hill,CyberShield Hackathon
Diya Pillai,user750@gmail.com,College of Engineering Trivandrum (CET),InnovateX Hackathon
Vikram Nair,user751@gmail.com,College of Engineering Trivandrum (CET),WebWave Hackathon
Rahul Chopra,user752@gmail.com,LBS Institute of Technology for Women (LBSITW),AI Innovators Hackathon
Pooja Patel,user753@gmail.com,LBS Institute of Technology for Women (LBSITW),AI Innovators Hackathon
Sneha Sharma,user754@gmail.com,LBS Institute of Technology for Women (LBSITW),WebWave Hackathon
Nisha Iyer,user755@gmail.com,Government Engineering College Barton Hill,WebWave Hackathon
Arjun Malhotra,user756@gmail.com,Government Engineering College Barton Hill,CyberShield Hackathon
Pooja Sharma,user757@gmail.com,Government Engineering College Barton Hill,CyberShield Hackathon
Pooja Nair,user758@gmail.com,College of Engineering Trivandrum (CET),GreenTech Hackathon
Karthik Yadav,user759@gmail.com,Mar Baselios College of Engineering,CyberShield Hackathon
Priya Reddy,user760@gmail.com,Government Engineering College Barton Hill,AI Innovators Hackathon
Aishwarya Menon,user761@gmail.com,Sree Chitra Thirunal College of Engineering,GreenTech Hackathon
Aditya Nair,user762@gmail.com,LBS Institute of Technology for Women (LBSITW),CyberShield Hackathon
Rahul Reddy,user763@gmail.com,Sree Chitra Thirunal College of Engineering,CyberShield Hackathon
Manoj Malhotra,user764@gmail.com,College of Engineering Trivandrum (CET),InnovateX Hackathon
Ananya Gupta,user765@gmail.com,Government Engineering College Barton Hill,GreenTech Hackathon
Sneha Verma,user766@gmail.com,College of Engineering Trivandrum (CET),AI Innovators Hackathon
Manoj Mishra,user767@gmail.com,Government Engineering College Barton Hill,GreenTech Hackathon
Priya Bose,user768@gmail.com,Mar Baselios College of Engineering,InnovateX Hackathon
Priya Kapoor,user770@gmail.com,Government Engineering College Barton Hill,CyberShield Hackathon
Divya Sharma,user771@gmail.com,LBS Institute of Technology for Women (LBSITW),CyberShield Hackathon
Priya Rao,user772@gmail.com,LBS Institute of Technology for Women (LBSITW),GreenTech Hackathon
Rahul Mishra,user773@gmail.com,Government Engineering College Barton Hill,WebWave Hackathon
Ananya Das,user774@gmail.com,Mar Baselios College of Engineering,WebWave Hackathon
Sneha Pillai,user775@gmail.com,Government Engineering College Barton Hill,GreenTech Hackathon
Nisha Joshi,user776@gmail.com,Mar Baselios College of Engineering,InnovateX Hackathon
Harsha Kapoor,user777@gmail.com,LBS Institute of Technology for Women (LBSITW),InnovateX Hackathon
Diya Joshi,user778@gmail.com,LBS Institute of Technology for Women (LBSITW),CyberShield Hackathon
Meera Yadav,user779@gmail.com,College of Engineering Trivandrum (CET),InnovateX Hackathon
Arjun Sharma,user780@gmail.com,LBS Institute of Technology for Women (LBSITW),InnovateX Hackathon
Siddharth Verma,user781@gmail.com,Sree Chitra Thirunal College of Engineering,InnovateX Hackathon
Arjun Shetty,user782@gmail.com,Government Engineering College Barton Hill,CyberShield Hackathon
Ananya Kulkarni,user783@gmail.com,College of Engineering Trivandrum (CET),InnovateX Hackathon
Vikram Kapoor,user784@gmail.com,Sree Chitra Thirunal College of Engineering,GreenTech Hackathon
Divya Kapoor,user785@gmail.com,Government Engineering College Barton Hill,WebWave Hackathon
Nisha Gupta,user786@gmail.com,LBS Institute of Technology for Women (LBSITW),InnovateX Hackathon
Siddharth Reddy,user787@gmail.com,College of Engineering Trivandrum (CET),WebWave Hackathon
Meera Kulkarni,user788@gmail.com,College of Engineering Trivandrum (CET),CyberShield Hackathon
Rahul Yadav,user789@gmail.com,Sree Chitra Thirunal College of Engineering,WebWave Hackathon
Aishwarya Shetty,user790@gmail.com,Mar Baselios College of Engineering,AI Innovators Hackathon
Kavya Shetty,user791@gmail.com,College of Engineering Trivandrum (CET),InnovateX Hackathon
Meera Rao,user792@gmail.com,Mar Baselios College of Engineering,InnovateX Hackathon
Siddharth Yadav,user793@gmail.com,Sree Chitra Thirunal College of Engineering,WebWave Hackathon
Divya Das,user794@gmail.com,Sree Chitra Thirunal College of Engineering,AI Innovators Hackathon
Ananya Das,user795@gmail.com,LBS Institute of Technology for Women (LBSITW),AI Innovators Hackathon
Manoj Bose,user796@gmail.com,College of Engineering Trivandrum (CET),AI Innovators Hackathon
Diya Gupta,user797@gmail.com,Mar Baselios College of Engineering,CyberShield Hackathon
Sneha Verma,user798@gmail.com,Mar Baselios College of Engineering,InnovateX Hackathon
Vikram Sharma,user800@gmail.com,College of Engineering Trivandrum (CET),CyberShield Hackathon
Manoj Kapoor,user801@gmail.com,College of Engineering Trivandrum (CET),WebWave Hackathon
Ananya Iyer,user802@gmail.com,Sree Chitra Thirunal College of Engineering,WebWave Hackathon
Siddharth Sharma,user804@gmail.com,College of Engineering Trivandrum (CET),GreenTech Hackathon
Priya Reddy,user805@gmail.com,Mar Baselios College of Engineering,GreenTech Hackathon
Manoj Shetty,user806@gmail.com,Mar Baselios College of Engineering,GreenTech Hackathon
Pooja Sharma,user807@gmail.com,College of Engineering Trivandrum (CET),GreenTech Hackathon
Siddharth Patel,user809@gmail.com,Sree Chitra Thirunal College of Engineering,WebWave Hackathon
Siddharth Bose,user810@gmail.com,Mar Baselios College of Engineering,AI Innovators Hackathon
Manoj Nair,user811@gmail.com,LBS Institute of Technology for Women (LBSITW),CyberShield Hackathon
Siddharth Kapoor,user812@gmail.com,College of Engineering Trivandrum (CET),InnovateX Hackathon
Siddharth Kulkarni,user813@gmail.com,Government Engineering College Barton Hill,WebWave Hackathon
Diya Reddy,user814@gmail.com,College of Engineering Trivandrum (CET),AI Innovators Hackathon
Vikram Verma,user816@gmail.com,Mar Baselios College of Engineering,WebWave Hackathon
Siddharth Sharma,user817@gmail.com,College of Engineering Trivandrum (CET),GreenTech Hackathon
Ananya Nair,user818@gmail.com,Sree Chitra Thirunal College of Engineering,WebWave Hackathon
Meera Gupta,user819@gmail.com,Sree Chitra Thirunal College of Engineering,InnovateX Hackathon
Diya Das,user820@gmail.com,Mar Baselios College of Engineering,GreenTech Hackathon
Kavya Gupta,user821@gmail.com,College of Engineering Trivandrum (CET),WebWave Hackathon
Karthik Bose,user822@gmail.com,College of Engineering Trivandrum (CET),InnovateX Hackathon
Pooja Joshi,user823@gmail.com,Sree Chitra Thirunal College of Engineering,GreenTech Hackathon
Priya Verma,user824@gmail.com,Sree Chitra Thirunal College of Engineering,AI Innovators Hackathon
Varun Iyer,user825@gmail.com,Sree Chitra Thirunal College of Engineering,GreenTech Hackathon
Siddharth Sharma,user826@gmail.com,College of Engineering Trivandrum (CET),AI Innovators Hackathon
Sneha Mishra,user827@gmail.com,Government Engineering College Barton Hill,AI Innovators Hackathon
Priya Nair,user828@gmail.com,LBS Institute of Technology for Women (LBSITW),AI Innovators Hackathon
Kavya Shetty,user829@gmail.com,Government Engineering College Barton Hill,CyberShield Hackathon
Nisha Nair,user830@gmail.com,Sree Chitra Thirunal College of Engineering,AI Innovators Hackathon
Kavya Sharma,user831@gmail.com,LBS Institute of Technology for Women (LBSITW),WebWave Hackathon
Divya Joshi,user832@gmail.com,LBS Institute of Technology for Women (LBSITW),InnovateX Hackathon
Ananya Iyer,user833@gmail.com,Sree Chitra Thirunal College of Engineering,GreenTech Hackathon
Ananya Malhotra,user834@gmail.com,Mar Baselios College of Engineering,AI Innovators Hackathon
Nisha Kapoor,user835@gmail.com,Mar Baselios College of Engineering,InnovateX Hackathon
Varun Yadav,user836@gmail.com,College of Engineering Trivandrum (CET),AI Innovators Hackathon
Aishwarya Nair,user837@gmail.com,Mar Baselios College of Engineering,CyberShield Hackathon
Arjun Chopra,user838@gmail.com,Government Engineering College Barton Hill,CyberShield Hackathon
Meera Chopra,user839@gmail.com,LBS Institute of Technology for Women (LBSITW),AI Innovators Hackathon
Priya Kulkarni,user840@gmail.com,Government Engineering College Barton Hill,GreenTech Hackathon
Sneha Gupta,user841@gmail.com,Government Engineering College Barton Hill,WebWave Hackathon
Karthik Verma,user842@gmail.com,Government Engineering College Barton Hill,WebWave Hackathon
Arjun Mishra,user843@gmail.com,Mar Baselios College of Engineering,GreenTech Hackathon
Karthik Kulkarni,user844@gmail.com,LBS Institute of Technology for Women (LBSITW),CyberShield Hackathon
Karthik Menon,user845@gmail.com,Mar Baselios College of Engineering,WebWave Hackathon
Aditya Bose,user846@gmail.com,Sree Chitra Thirunal College of Engineering,WebWave Hackathon
Divya Iyer,user847@gmail.com,Government Engineering College Barton Hill,WebWave Hackathon
Rahul Gupta,user848@gmail.com,Mar Baselios College of Engineering,WebWave Hackathon
Diya Sharma,user850@gmail.com,Mar Baselios College of Engineering,WebWave Hackathon
Divya Bose,user851@gmail.com,Government Engineering College Barton Hill,CyberShield Hackathon
Pooja Malhotra,user853@gmail.com,Mar Baselios College of Engineering,GreenTech Hackathon
Rahul Iyer,user854@gmail.com,LBS Institute of Technology for Women (LBSITW),CyberShield Hackathon
Diya Pillai,user855@gmail.com,College of Engineering Trivandrum (CET),AI Innovators Hackathon
Karthik Reddy,user856@gmail.com,College of Engineering Trivandrum (CET),GreenTech Hackathon
Manoj Mishra,user857@gmail.com,Sree Chitra Thirunal College of Engineering,CyberShield Hackathon
Ananya Chopra,user858@gmail.com,Mar Baselios College of Engineering,WebWave Hackathon
Manoj Chopra,user860@gmail.com,Mar Baselios College of Engineering,AI Innovators Hackathon
Nisha Gupta,user861@gmail.com,Sree Chitra Thirunal College of Engineering,CyberShield Hackathon
Karthik Gupta,user862@gmail.com,LBS Institute of Technology for Women (LBSITW),AI Innovators Hackathon
Divya Reddy,user863@gmail.com,Mar Baselios College of Engineering,CyberShield Hackathon
Siddharth Iyer,user864@gmail.com,Government Engineering College Barton Hill,AI Innovators Hackathon
Manoj Kapoor,user865@gmail.com,Sree Chitra Thirunal College of Engineering,AI Innovators Hackathon
Diya Malhotra,user866@gmail.com,Sree Chitra Thirunal College of Engineering,WebWave Hackathon
Aditya Reddy,user867@gmail.com,Government Engineering College Barton Hill,CyberShield Hackathon
Rohan Reddy,user868@gmail.com,Sree Chitra Thirunal College of Engineering,CyberShield Hackathon
Karthik Bose,user869@gmail.com,LBS Institute of Technology for Women (LBSITW),WebWave Hackathon
Diya Mishra,user870@gmail.com,LBS Institute of Technology for Women (LBSITW),AI Innovators Hackathon
Kavya Shetty,user871@gmail.com,LBS Institute of Technology for Women (LBSITW),CyberShield Hackathon
Varun Rao,user872@gmail.com,Government Engineering College Barton Hill,InnovateX Hackathon
Ananya Menon,user873@gmail.com,LBS Institute of Technology for Women (LBSITW),InnovateX Hackathon
Siddharth Gupta,user874@gmail.com,Sree Chitra Thirunal College of Engineering,WebWave Hackathon
Manoj Kulkarni,user875@gmail.com,College of Engineering Trivandrum (CET),InnovateX Hackathon
Harsha Pillai,user876@gmail.com,Mar Baselios College of Engineering,InnovateX Hackathon
Vikram Shetty,user877@gmail.com,Sree Chitra Thirunal College of Engineering,WebWave Hackathon
Pooja Reddy,user878@gmail.com,College of Engineering Trivandrum (CET),AI Innovators Hackathon
Rahul Pillai,user879@gmail.com,LBS Institute of Technology for Women (LBSITW),WebWave Hackathon
Sneha Patel,user880@gmail.com,Mar Baselios College of Engineering,WebWave Hackathon
Diya Shetty,user881@gmail.com,Mar Baselios College of Engineering,GreenTech Hackathon
Ananya Nair,user882@gmail.com,College of Engineering Trivandrum (CET),GreenTech Hackathon
Harsha Yadav,user883@gmail.com,Sree Chitra Thirunal College of Engineering,AI Innovators Hackathon
Arjun Rao,user884@gmail.com,Sree Chitra Thirunal College of Engineering,AI Innovators Hackathon
Kavya Chopra,user885@gmail.com,Government Engineering College Barton Hill,GreenTech Hackathon
Arjun Kulkarni,user887@gmail.com,Sree Chitra Thirunal College of Engineering,InnovateX Hackathon
Arjun Rao,user888@gmail.com,LBS Institute of Technology for Women (LBSITW),WebWave Hackathon
Aishwarya Rao,user890@gmail.com,LBS Institute of Technology for Women (LBSITW),AI Innovators Hackathon
Ananya Verma,user891@gmail.com,LBS Institute of Technology for Women (LBSITW),GreenTech Hackathon
Pooja Kulkarni,user892@gmail.com,Sree Chitra Thirunal College of Engineering,InnovateX Hackathon
Rohan Mishra,user893@gmail.com,Mar Baselios College of Engineering,WebWave Hackathon
Arjun Joshi,user894@gmail.com,Mar Baselios College of Engineering,WebWave Hackathon
Pooja Iyer,user895@gmail.com,LBS Institute of Technology for Women (LBSITW),CyberShield Hackathon
Varun Pillai,user896@gmail.com,Government Engineering College Barton Hill,CyberShield Hackathon
Rohan Joshi,user897@gmail.com,College of Engineering Trivandrum (CET),InnovateX Hackathon
Arjun Iyer,user898@gmail.com,College of Engineering Trivandrum (CET),CyberShield Hackathon
Meera Joshi,user899@gmail.com,LBS Institute of Technology for Women (LBSITW),GreenTech Hackathon
Kavya Iyer,user900@gmail.com,LBS Institute of Technology for Women (LBSITW),WebWave Hackathon
Manoj Iyer,user901@gmail.com,Sree Chitra Thirunal College of Engineering,AI Innovators Hackathon
Harsha Joshi,user902@gmail.com,Government Engineering College Barton Hill,GreenTech Hackathon
Pooja Malhotra,user904@gmail.com,Government Engineering College Barton Hill,InnovateX Hackathon
Rahul Chopra,user905@gmail.com,College of Engineering Trivandrum (CET),InnovateX Hackathon
Arjun Malhotra,user906@gmail.com,College of Engineering Trivandrum (CET),CyberShield Hackathon
Kavya Shetty,user907@gmail.com,College of Engineering Trivandrum (CET),WebWave Hackathon
Ananya Yadav,user908@gmail.com,Sree Chitra Thirunal College of Engineering,WebWave Hackathon
Karthik Joshi,user909@gmail.com,Mar Baselios College of Engineering,AI Innovators Hackathon
Sneha Sharma,user910@gmail.com,LBS Institute of Technology for Women (LBSITW),InnovateX Hackathon
Vikram Pillai,user911@gmail.com,Mar Baselios College of Engineering,AI Innovators Hackathon
Aishwarya Menon,user912@gmail.com,Mar Baselios College of Engineering,InnovateX Hackathon
Arjun Gupta,user913@gmail.com,LBS Institute of Technology for Women (LBSITW),InnovateX Hackathon
Rohan Rao,user914@gmail.com,College of Engineering Trivandrum (CET),GreenTech Hackathon
Priya Menon,user915@gmail.com,College of Engineering Trivandrum (CET),CyberShield Hackathon
Siddharth Malhotra,user917@gmail.com,LBS Institute of Technology for Women (LBSITW),CyberShield Hackathon
Priya Chopra,user918@gmail.com,Sree Chitra Thirunal College of Engineering,CyberShield Hackathon
Harsha Kulkarni,user919@gmail.com,Government Engineering College Barton Hill,CyberShield Hackathon
Vikram Yadav,user920@gmail.com,Mar Baselios College of Engineering,AI Innovators Hackathon
Ananya Bose,user921@gmail.com,Government Engineering College Barton Hill,GreenTech Hackathon
Manoj Sharma,user922@gmail.com,Sree Chitra Thirunal College of Engineering,GreenTech Hackathon
Pooja Mishra,user923@gmail.com,Mar Baselios College of Engineering,AI Innovators Hackathon
Aditya Shetty,user924@gmail.com,LBS Institute of Technology for Women (LBSITW),AI Innovators Hackathon
Nisha Pillai,user925@gmail.com,College of Engineering Trivandrum (CET),GreenTech Hackathon
Harsha Das,user926@gmail.com,Government Engineering College Barton Hill,CyberShield Hackathon
Manoj Yadav,user927@gmail.com,Sree Chitra Thirunal College of Engineering,WebWave Hackathon
Kavya Joshi,user928@gmail.com,College of Engineering Trivandrum (CET),InnovateX Hackathon
Kavya Iyer,user929@gmail.com,Mar Baselios College of Engineering,WebWave Hackathon
Diya Shetty,user930@gmail.com,LBS Institute of Technology for Women (LBSITW),AI Innovators Hackathon
Kavya Menon,user931@gmail.com,College of Engineering Trivandrum (CET),WebWave Hackathon
Rahul Joshi,user932@gmail.com,LBS Institute of Technology for Women (LBSITW),AI Innovators Hackathon
Sneha Verma,user933@gmail.com,LBS Institute of Technology for Women (LBSITW),InnovateX Hackathon
Ananya Patel,user934@gmail.com,College of Engineering Trivandrum (CET),InnovateX Hackathon
Harsha Shetty,user935@gmail.com,Mar Baselios College of Engineering,GreenTech Hackathon
Arjun Rao,user936@gmail.com,Government Engineering College Barton Hill,GreenTech Hackathon
Aditya Rao,user937@gmail.com,Mar Baselios College of Engineering,InnovateX Hackathon
Aditya Reddy,user938@gmail.com,Government Engineering College Barton Hill,GreenTech Hackathon
Arjun Mishra,user939@gmail.com,Government Engineering College Barton Hill,WebWave Hackathon
Divya Joshi,user940@gmail.com,College of Engineering Trivandrum (CET),CyberShield Hackathon
Priya Gupta,user941@gmail.com,College of Engineering Trivandrum (CET),InnovateX Hackathon
Manoj Shetty,user942@gmail.com,College of Engineering Trivandrum (CET),AI Innovators Hackathon
Manoj Sharma,user943@gmail.com,Sree Chitra Thirunal College of Engineering,InnovateX Hackathon
Karthik Pillai,user944@gmail.com,College of Engineering Trivandrum (CET),CyberShield Hackathon
Rahul Yadav,user945@gmail.com,Sree Chitra Thirunal College of Engineering,WebWave Hackathon
Vikram Rao,user946@gmail.com,College of Engineering Trivandrum (CET),InnovateX Hackathon
Ananya Malhotra,user947@gmail.com,Mar Baselios College of Engineering,AI Innovators Hackathon
Priya Shetty,user948@gmail.com,College of Engineering Trivandrum (CET),WebWave Hackathon
Siddharth Rao,user949@gmail.com,Government Engineering College Barton Hill,CyberShield Hackathon
Ananya Das,user950@gmail.com,Mar Baselios College of Engineering,GreenTech Hackathon
Karthik Kapoor,user951@gmail.com,Sree Chitra Thirunal College of Engineering,AI Innovators Hackathon
Diya Reddy,user952@gmail.com,Government Engineering College Barton Hill,AI Innovators Hackathon
Siddharth Bose,user953@gmail.com,College of Engineering Trivandrum (CET),GreenTech Hackathon
Vikram Malhotra,user954@gmail.com,Government Engineering College Barton Hill,CyberShield Hackathon
Sneha Joshi,user955@gmail.com,Government Engineering College Barton Hill,InnovateX Hackathon
Harsha Kulkarni,user956@gmail.com,Sree Chitra Thirunal College of Engineering,AI Innovators Hackathon
Siddharth Shetty,user957@gmail.com,LBS Institute of Technology for Women (LBSITW),AI Innovators Hackathon
Harsha Nair,user958@gmail.com,Government Engineering College Barton Hill,InnovateX Hackathon
Nisha Menon,user959@gmail.com,Government Engineering College Barton Hill,WebWave Hackathon
Meera Das,user960@gmail.com,Government Engineering College Barton Hill,GreenTech Hackathon
Rohan Gupta,user961@gmail.com,Sree Chitra Thirunal College of Engineering,AI Innovators Hackathon
Pooja Gupta,user962@gmail.com,College of Engineering Trivandrum (CET),WebWave Hackathon
Rahul Menon,user963@gmail.com,Government Engineering College Barton Hill,GreenTech Hackathon
Meera Verma,user964@gmail.com,Sree Chitra Thirunal College of Engineering,CyberShield Hackathon
Ananya Iyer,user966@gmail.com,Government Engineering College Barton Hill,InnovateX Hackathon
Rohan Chopra,user967@gmail.com,College of Engineering Trivandrum (CET),AI Innovators Hackathon
Harsha Verma,user968@gmail.com,Sree Chitra Thirunal College of Engineering,WebWave Hackathon
Vikram Bose,user969@gmail.com,Sree Chitra Thirunal College of Engineering,WebWave Hackathon
Nisha Gupta,user971@gmail.com,College of Engineering Trivandrum (CET),AI Innovators Hackathon
Ananya Das,user972@gmail.com,Government Engineering College Barton Hill,CyberShield Hackathon
Harsha Mishra,user973@gmail.com,Mar Baselios College of Engineering,AI Innovators Hackathon
Karthik Reddy,user974@gmail.com,College of Engineering Trivandrum (CET),WebWave Hackathon
Varun Patel,user975@gmail.com,College of Engineering Trivandrum (CET),InnovateX Hackathon
Kavya Mishra,user976@gmail.com,LBS Institute of Technology for Women (LBSITW),WebWave Hackathon
Arjun Pillai,user977@gmail.com,LBS Institute of Technology for Women (LBSITW),CyberShield Hackathon
Divya Malhotra,user978@gmail.com,College of Engineering Trivandrum (CET),AI Innovators Hackathon
Aditya Gupta,user979@gmail.com,Government Engineering College Barton Hill,AI Innovators Hackathon
Diya Yadav,user980@gmail.com,College of Engineering Trivandrum (CET),CyberShield Hackathon
Diya Iyer,user981@gmail.com,Sree Chitra Thirunal College of Engineering,GreenTech Hackathon
Meera Joshi,user982@gmail.com,College of Engineering Trivandrum (CET),AI Innovators Hackathon
Pooja Malhotra,user983@gmail.com,LBS Institute of Technology for Women (LBSITW),WebWave Hackathon
Vikram Patel,user985@gmail.com,College of Engineering Trivandrum (CET),InnovateX Hackathon
Manoj Reddy,user986@gmail.com,Sree Chitra Thirunal College of Engineering,CyberShield Hackathon
Diya Reddy,user987@gmail.com,College of Engineering Trivandrum (CET),WebWave Hackathon
Kavya Verma,user988@gmail.com,Mar Baselios College of Engineering,AI Innovators Hackathon
Siddharth Shetty,user989@gmail.com,Mar Baselios College of Engineering,CyberShield Hackathon
Nisha Das,user990@gmail.com,Government Engineering College Barton Hill,InnovateX Hackathon
Manoj Mishra,user991@gmail.com,LBS Institute of Technology for Women (LBSITW),GreenTech Hackathon
Kavya Patel,user992@gmail.com,Government Engineering College Barton Hill,GreenTech Hackathon
Siddharth Rao,user993@gmail.com,College of Engineering Trivandrum (CET),CyberShield Hackathon
Varun Shetty,user994@gmail.com,Government Engineering College Barton Hill,WebWave Hackathon
Ananya Menon,user995@gmail.com,College of Engineering Trivandrum (CET),WebWave Hackathon
Arjun Nair,user996@gmail.com,Mar Baselios College of Engineering,AI Innovators Hackathon
Divya Kulkarni,user997@gmail.com,Mar Baselios College of Engineering,AI Innovators Hackathon
Meera Joshi,user998@gmail.com,Sree Chitra Thirunal College of Engineering,AI Innovators Hackathon
Meera Verma,user999@gmail.com,College of Engineering Trivandrum (CET),InnovateX Hackathon
Nandana ,sreelasreedhar7@gmail.com,LBSITW,
Karthik Iyer,user115@gmail.com,Sree Chitra Thirunal College of Engineering,InnovateX Hackathon
Priya Joshi,user163@gmail.com,LBS Institute of Technology for Women (LBSITW),InnovateX Hackathon
Aishwarya Mishra,user563@gmail.com,LBS Institute of Technology for Women (LBSITW),InnovateX Hackathon
Manoj Gupta,user15@gmail.com,LBS Institute of Technology for Women (LBSITW),AI Innovators Hackathon
Karthik Mishra,user49@gmail.com,Mar Baselios College of Engineering,AI Innovators Hackathon
Divya Das,user110@gmail.com,Government Engineering College Barton Hill,AI Innovators Hackathon
Aditya Yadav,user152@gmail.com,LBS Institute of Technology for Women (LBSITW),AI Innovators Hackathon
Kavya Kulkarni,user192@gmail.com,College of Engineering Trivandrum (CET),AI Innovators Hackathon
Meera Menon,user246@gmail.com,Government Engineering College Barton Hill,AI Innovators Hackathon
Diya Kapoor,user274@gmail.com,Mar Baselios College of Engineering,AI Innovators Hackathon
Kavya Pillai,user319@gmail.com,College of Engineering Trivandrum (CET),AI Innovators Hackathon
Aditya Malhotra,user371@gmail.com,Government Engineering College Barton Hill,AI Innovators Hackathon
Varun Yadav,user426@gmail.com,Government Engineering College Barton Hill,AI Innovators Hackathon
Kavya Rao,user502@gmail.com,College of Engineering Trivandrum (CET),AI Innovators Hackathon
Divya Nair,user520@gmail.com,Mar Baselios College of Engineering,AI Innovators Hackathon
Arjun Sharma,user528@gmail.com,Sree Chitra Thirunal College of Engineering,AI Innovators Hackathon
Priya Malhotra,user579@gmail.com,Mar Baselios College of Engineering,AI Innovators Hackathon
Priya Yadav,user606@gmail.com,Government Engineering College Barton Hill,AI Innovators Hackathon
Diya Menon,user657@gmail.com,LBS Institute of Technology for Women (LBSITW),AI Innovators Hackathon
Priya Chopra,user689@gmail.com,College of Engineering Trivandrum (CET),AI Innovators Hackathon
Pooja Bose,user725@gmail.com,LBS Institute of Technology for Women (LBSITW),AI Innovators Hackathon
Meera Menon,user808@gmail.com,Mar Baselios College of Engineering,AI Innovators Hackathon
Arjun Iyer,user852@gmail.com,Sree Chitra Thirunal College of Engineering,AI Innovators Hackathon
Nisha Chopra,user903@gmail.com,Sree Chitra Thirunal College of Engineering,AI Innovators Hackathon
Sneha Reddy,user965@gmail.com,Government Engineering College Barton Hill,AI Innovators Hackathon
Manoj Sharma,user984@gmail.com,LBS Institute of Technology for Women (LBSITW),AI Innovators Hackathon
Meera Yadav,user13@gmail.com,College of Engineering Trivandrum (CET),CyberShield Hackathon
Aishwarya Rao,user37@gmail.com,Government Engineering College Barton Hill,CyberShield Hackathon
Meera Patel,user78@gmail.com,Sree Chitra Thirunal College of Engineering,CyberShield Hackathon
Vikram Kulkarni,user112@gmail.com,LBS Institute of Technology for Women (LBSITW),CyberShield Hackathon
Nisha Patel,user118@gmail.com,College of Engineering Trivandrum (CET),CyberShield Hackathon
Siddharth Kulkarni,user177@gmail.com,Government Engineering College Barton Hill,CyberShield Hackathon
Varun Sharma,user217@gmail.com,Mar Baselios College of Engineering,CyberShield Hackathon
Varun Reddy,user251@gmail.com,Government Engineering College Barton Hill,CyberShield Hackathon
Aditya Das,user291@gmail.com,Government Engineering College Barton Hill,CyberShield Hackathon
Ananya Patel,user298@gmail.com,College of Engineering Trivandrum (CET),CyberShield Hackathon
Varun Joshi,user328@gmail.com,LBS Institute of Technology for Women (LBSITW),CyberShield Hackathon
Siddharth Kapoor,user369@gmail.com,Sree Chitra Thirunal College of Engineering,CyberShield Hackathon
Rohan Gupta,user384@gmail.com,College of Engineering Trivandrum (CET),CyberShield Hackathon
Harsha Chopra,user410@gmail.com,College of Engineering Trivandrum (CET),CyberShield Hackathon
Manoj Joshi,user440@gmail.com,Sree Chitra Thirunal College of Engineering,CyberShield Hackathon
Manoj Patel,user487@gmail.com,Sree Chitra Thirunal College of Engineering,CyberShield Hackathon
Harsha Iyer,user521@gmail.com,LBS Institute of Technology for Women (LBSITW),CyberShield Hackathon
Diya Nair,user550@gmail.com,Mar Baselios College of Engineering,CyberShield Hackathon
Pooja Pillai,user593@gmail.com,LBS Institute of Technology for Women (LBSITW),CyberShield Hackathon
Siddharth Malhotra,user616@gmail.com,College of Engineering Trivandrum (CET),CyberShield Hackathon
Ananya Shetty,user680@gmail.com,Mar Baselios College of Engineering,CyberShield Hackathon
Harsha Gupta,user702@gmail.com,Government Engineering College Barton Hill,CyberShield Hackathon
Rahul Chopra,user732@gmail.com,Sree Chitra Thirunal College of Engineering,CyberShield Hackathon
Siddharth Das,user769@gmail.com,LBS Institute of Technology for Women (LBSITW),CyberShield Hackathon
Aditya Reddy,user799@gmail.com,Mar Baselios College of Engineering,CyberShield Hackathon
Arjun Mishra,user815@gmail.com,LBS Institute of Technology for Women (LBSITW),CyberShield Hackathon
Aishwarya Bose,user859@gmail.com,College of Engineering Trivandrum (CET),CyberShield Hackathon
Karthik Shetty,user886@gmail.com,Mar Baselios College of Engineering,CyberShield Hackathon
Nisha Bose,user916@gmail.com,College of Engineering Trivandrum (CET),CyberShield Hackathon
Meera Mishra,user970@gmail.com,College of Engineering Trivandrum (CET),CyberShield Hackathon
Vikram Kulkarni,user131@gmail.com,Sree Chitra Thirunal College of Engineering,GreenTech Hackathon
Manoj Verma,user430@gmail.com,Government Engineering College Barton Hill,GreenTech Hackathon
Aishwarya Kapoor,user216@gmail.com,Government Engineering College Barton Hill,WebWave Hackathon
Nisha Pillai,user318@gmail.com,Government Engineering College Barton Hill,WebWave Hackathon
Divya Reddy,user405@gmail.com,Government Engineering College Barton Hill,WebWave Hackathon
Priya Gupta,user614@gmail.com,Sree Chitra Thirunal College of Engineering,WebWave Hackathon
Diya Kulkarni,user728@gmail.com,Government Engineering College Barton Hill,WebWave Hackathon
Meera Kapoor,user695@gmail.com,Sree Chitra Thirunal College of Engineering,WebWave Hackathon
Varun Joshi,user52@gmail.com,Mar Baselios College of Engineering,InnovateX Hackathon
Vikram Rao,user552@gmail.com,Government Engineering College Barton Hill,InnovateX Hackathon
Nisha Menon,user849@gmail.com,LBS Institute of Technology for Women (LBSITW),InnovateX Hackathon
Aditya Shetty,user106@gmail.com,College of Engineering Trivandrum (CET),AI Innovators Hackathon
Priya Pillai,user277@gmail.com,College of Engineering Trivandrum (CET),CyberShield Hackathon
Diya Yadav,user803@gmail.com,Mar Baselios College of Engineering,CyberShield Hackathon
Manoj Yadav,user889@gmail.com,College of Engineering Trivandrum (CET),CyberShield Hackathon
Pooja Joshi,user504@gmail.com,Sree Chitra Thirunal College of Engineering,GreenTech Hackathon
NANDANA ,team.formation.demo@gmail.com,LBSITW,GreenTech Hackathon
gopika santhosh,gopikasanthosh862@gmail.com,kv pattom,GreenTech Hackathon
